id,title,artist,rights,genre,Department,tags,notes,caption,object_name
435573,Flora and Zephyr,Jacopo Amigoni,CC0-1.0,Paintings,European Paintings,,"Painting; Unknown; Unknown; Oil on canvas; 84 x 58 in. (213.4 x 147.3 cm); 1730s; European Paintings; Flora and Zephyr is a Unknown Painting by the Unknown artist Jacopo Amigoni. This piece, part of the European Paintings collection, is crafted using Oil on canvas. Measuring 84 x 58 in. (213.4 x 147.3 cm), the work is classified as Paintings and was created in 1730s.",a painting of a woman and two children,woman
435580,Christ Crowned with Thorns,Antonello da Messina (Antonello di Giovanni d'Antonio),CC0-1.0,Paintings,European Paintings,,"Painting; Unknown; Unknown; Oil, possibly over tempera, on wood; 16 3/4 x 12 in. (42.5 x 30.5 cm); Unknown; European Paintings; Christ Crowned with Thorns is a Unknown Painting by the Unknown artist Antonello da Messina (Antonello di Giovanni d'Antonio). This piece, part of the European Paintings collection, is crafted using Oil, possibly over tempera, on wood. Measuring 16 3/4 x 12 in. (42.5 x 30.5 cm), the work is classified as Paintings .",a painting of a man with a crown on his head,man
435581,Portrait of a Young Man,Antonello da Messina (Antonello di Giovanni d'Antonio),CC0-1.0,Paintings,European Paintings,,"Painting; Unknown; Unknown; Oil on wood; 10 5/8 x 8 1/8 in. (27 x 20.6 cm); ca. 1470; European Paintings; Portrait of a Young Man is a Unknown Painting by the Unknown artist Antonello da Messina (Antonello di Giovanni d'Antonio). This piece, part of the European Paintings collection, is crafted using Oil on wood. Measuring 10 5/8 x 8 1/8 in. (27 x 20.6 cm), the work is classified as Paintings and was created in ca. 1470.",a painting of a man with a hat,man
435585,Portrait of a Married Couple (Lorenz Kraffter and Honesta Merz?),Ulrich Apt the Elder,CC0-1.0,Paintings,European Paintings,,"Painting; Unknown; Unknown; Oil on linden; 13 x 24 7/8 in. (33 x 63.2 cm); 1512; European Paintings; Portrait of a Married Couple (Lorenz Kraffter and Honesta Merz?) is a Unknown Painting by the Unknown artist Ulrich Apt the Elder. This piece, part of the European Paintings collection, is crafted using Oil on linden. Measuring 13 x 24 7/8 in. (33 x 63.2 cm), the work is classified as Paintings and was created in 1512.",a painting of a woman and a man,woman
435595,Madonna and Child,Bachiacca (Francesco d'Ubertino Verdi),CC0-1.0,Paintings,European Paintings,,"Painting; Unknown; Unknown; Oil and gold on wood; 34 1/4 x 26 1/2 in. (87 x 67.3 cm); possibly early 1520s; European Paintings; Madonna and Child is a Unknown Painting by the Unknown artist Bachiacca (Francesco d'Ubertino Verdi). This piece, part of the European Paintings collection, is crafted using Oil and gold on wood. Measuring 34 1/4 x 26 1/2 in. (87 x 67.3 cm), the work is classified as Paintings and was created in possibly early 1520s.",a painting of a woman holding a baby,woman
435596,Old Woman in an Armchair,Jacob Backer,CC0-1.0,Paintings,European Paintings,,"Painting; Unknown; Unknown; Oil on canvas; 50 3/8 x 39 1/8 in. (128 x 99.4 cm); Unknown; European Paintings; Old Woman in an Armchair is a Unknown Painting by the Unknown artist Jacob Backer. This piece, part of the European Paintings collection, is crafted using Oil on canvas. Measuring 50 3/8 x 39 1/8 in. (128 x 99.4 cm), the work is classified as Paintings .",a painting of a woman in a black dress,woman
435597,Portrait of an Old Woman,Jacob Backer,CC0-1.0,Paintings,European Paintings,,"Painting; Unknown; Unknown; Oil on wood; 28 x 24 in. (71.1 x 61 cm); Unknown; European Paintings; Portrait of an Old Woman is a Unknown Painting by the Unknown artist Jacob Backer. This piece, part of the European Paintings collection, is crafted using Oil on wood. Measuring 28 x 24 in. (71.1 x 61 cm), the work is classified as Paintings .",a painting of an older woman with a white collar,woman
435598,"Portrait of a Man, Possibly a Botanist",David Bailly,CC0-1.0,Paintings,European Paintings,,"Painting; Unknown; Unknown; Oil on wood; 33 x 24 1/2 in. (83.8 x 62.2 cm); 1641; European Paintings; Portrait of a Man, Possibly a Botanist is a Unknown Painting by the Unknown artist David Bailly. This piece, part of the European Paintings collection, is crafted using Oil on wood. Measuring 33 x 24 1/2 in. (83.8 x 62.2 cm), the work is classified as Paintings and was created in 1641.",a painting of a man with a beard and a book,man
435599,Boatmen of Barcelona,Dionisio Baixeras y Verdaguer,CC0-1.0,Paintings,European Paintings,,"Painting; Unknown; Unknown; Oil on canvas; 59 x 83 in. (149.9 x 210.8 cm); 1886; European Paintings; Boatmen of Barcelona is a Unknown Painting by the Unknown artist Dionisio Baixeras y Verdaguer. This piece, part of the European Paintings collection, is crafted using Oil on canvas. Measuring 59 x 83 in. (149.9 x 210.8 cm), the work is classified as Paintings and was created in 1886.",two men on a boat in the water,man
435603,A Footman Sleeping,Charles Bargue,CC0-1.0,Paintings,European Paintings,,"Painting; Unknown; Unknown; Oil on wood; 13 3/4 x 10 1/4 in. (34.9 x 26 cm); 1871; European Paintings; A Footman Sleeping is a Unknown Painting by the Unknown artist Charles Bargue. This piece, part of the European Paintings collection, is crafted using Oil on wood. Measuring 13 3/4 x 10 1/4 in. (34.9 x 26 cm), the work is classified as Paintings and was created in 1871.",a painting of a man sitting on a chair,man
435639,Vase of Flowers in a Niche,Michel Bruno Bellengé,CC0-1.0,Paintings,European Paintings,,"Painting, overdoor; Unknown; Unknown; Oil on canvas; 48 3/8 x 55 in. (122.9 x 139.7 cm); Unknown; European Paintings; Vase of Flowers in a Niche is a Unknown Painting, overdoor by the Unknown artist Michel Bruno Bellengé. This piece, part of the European Paintings collection, is crafted using Oil on canvas. Measuring 48 3/8 x 55 in. (122.9 x 139.7 cm), the work is classified as Paintings .",a painting of a vase with flowers in it,vase
435641,Madonna and Child,Giovanni Bellini,CC0-1.0,Paintings,European Paintings,,"Painting; Unknown; Unknown; Oil on wood; 35 x 28 in. (88.9 x 71.1 cm); late 1480s; European Paintings; Madonna and Child is a Unknown Painting by the Unknown artist Giovanni Bellini. This piece, part of the European Paintings collection, is crafted using Oil on wood. Measuring 35 x 28 in. (88.9 x 71.1 cm), the work is classified as Paintings and was created in late 1480s.",a painting of a woman holding a baby,woman
435642,Madonna and Child with Saints,Giovanni Bellini,CC0-1.0,Paintings,European Paintings,,"Painting; Unknown; Unknown; Tempera and oil on wood; 38 1/4 x 60 1/2 in. (97.2 x 153.7 cm); Unknown; European Paintings; Madonna and Child with Saints is a Unknown Painting by the Unknown artist Giovanni Bellini. This piece, part of the European Paintings collection, is crafted using Tempera and oil on wood. Measuring 38 1/4 x 60 1/2 in. (97.2 x 153.7 cm), the work is classified as Paintings .",a painting of a woman holding a baby,woman
435644,Madonna and Child,Giovanni Bellini,CC0-1.0,Paintings,European Paintings,,"Painting; Unknown; Unknown; Oil on wood; Overall 13 1/2 x 10 7/8 in. (34.3 x 27.6 cm); painted surface 12 3/4 x 10 1/8 in. (32.4 x 25.7 cm); ca. 1510; European Paintings; Madonna and Child is a Unknown Painting by the Unknown artist Giovanni Bellini. This piece, part of the European Paintings collection, is crafted using Oil on wood. Measuring Overall 13 1/2 x 10 7/8 in. (34.3 x 27.6 cm); painted surface 12 3/4 x 10 1/8 in. (32.4 x 25.7 cm), the work is classified as Paintings and was created in ca. 1510.","madonna and child, c 1470 - 150",madonna
435650,"Madame Philippe Panon Desbassayns de Richemont (Jeanne Eglé Mourgue, 1778–1855) and Her Son, Eugène (1800–1859)",Marie Guillelmine Benoist,CC0-1.0,Paintings,European Paintings,,"Painting; Unknown; Unknown; Oil on canvas; 46 x 35 1/4 in. (116.8 x 89.5 cm); 1802; European Paintings; Madame Philippe Panon Desbassayns de Richemont (Jeanne Eglé Mourgue, 1778–1855) and Her Son, Eugène (1800–1859) is a Unknown Painting by the Unknown artist Marie Guillelmine Benoist. This piece, part of the European Paintings collection, is crafted using Oil on canvas. Measuring 46 x 35 1/4 in. (116.8 x 89.5 cm), the work is classified as Paintings and was created in 1802.",a painting of a woman and child sitting on a chair,woman
435651,The Lamentation,Ambrosius Benson,CC0-1.0,Paintings,European Paintings,,"Painting; Unknown; Unknown; Oil on canvas, transferred from wood; Shaped top, 36 x 22 1/8 in. (91.4 x 56.2 cm); ca. 1520–25; European Paintings; The Lamentation is a Unknown Painting by the Unknown artist Ambrosius Benson. This piece, part of the European Paintings collection, is crafted using Oil on canvas, transferred from wood. Measuring Shaped top, 36 x 22 1/8 in. (91.4 x 56.2 cm), the work is classified as Paintings and was created in ca. 1520–25.",a painting of jesus on the cross with three women,jesus
435656,The Assumption of the Virgin,Bergognone (Ambrogio di Stefano da Fossano),CC0-1.0,Paintings,European Paintings,,"Painting; Unknown; Unknown; Oil and gold on wood; 95 3/8 x 42 1/2 in. (242.3 x 108 cm); Unknown; European Paintings; The Assumption of the Virgin is a Unknown Painting by the Unknown artist Bergognone (Ambrogio di Stefano da Fossano). This piece, part of the European Paintings collection, is crafted using Oil and gold on wood. Measuring 95 3/8 x 42 1/2 in. (242.3 x 108 cm), the work is classified as Paintings .","the virgin of guadalupe, by diego de castro",virgin
435664,Portrait of a Young Man,Biagio d'Antonio,CC0-1.0,Paintings,European Paintings,,"Painting; Unknown; Unknown; Tempera on wood; Overall 21 3/8 x 15 1/2 in. (54.3 x 39.4 cm); painted surface 20 1/4 x 14 1/4 in. (51.4 x 36.2 cm); probably ca. 1470; European Paintings; Portrait of a Young Man is a Unknown Painting by the Unknown artist Biagio d'Antonio. This piece, part of the European Paintings collection, is crafted using Tempera on wood. Measuring Overall 21 3/8 x 15 1/2 in. (54.3 x 39.4 cm); painted surface 20 1/4 x 14 1/4 in. (51.4 x 36.2 cm), the work is classified as Paintings and was created in probably ca. 1470.",a painting of a man with a red capet,man
435682,Madonna and Child,Boccaccio Boccaccino,CC0-1.0,Paintings,European Paintings,,"Painting; Unknown; Unknown; Oil on wood; Overall 20 3/8 x 14 5/8 in. (51.8 x 37.1 cm); painted surface 20 x 14 in. (50.8 x 35.6 cm); 1506–1518; European Paintings; Madonna and Child is a Unknown Painting by the Unknown artist Boccaccio Boccaccino. This piece, part of the European Paintings collection, is crafted using Oil on wood. Measuring Overall 20 3/8 x 14 5/8 in. (51.8 x 37.1 cm); painted surface 20 x 14 in. (50.8 x 35.6 cm), the work is classified as Paintings and was created in 1506–1518.","madonna and child, c 1470",madonna
435704,A Limier Briquet Hound,Rosa Bonheur,CC0-1.0,Paintings,European Paintings,,"Painting; Unknown; Unknown; Oil on canvas; 14 1/2 x 18 in. (36.8 x 45.7 cm); ca. 1856; European Paintings; A Limier Briquet Hound is a Unknown Painting by the Unknown artist Rosa Bonheur. This piece, part of the European Paintings collection, is crafted using Oil on canvas. Measuring 14 1/2 x 18 in. (36.8 x 45.7 cm), the work is classified as Paintings and was created in ca. 1856.",a painting of a dog,dog
435706,Madonna and Child with Saints,Bonifacio de' Pitati (Bonifacio Veronese),CC0-1.0,Paintings,European Paintings,,"Painting; Unknown; Unknown; Oil on wood; 32 1/2 x 50 in. (82.6 x 127 cm); Unknown; European Paintings; Madonna and Child with Saints is a Unknown Painting by the Unknown artist Bonifacio de' Pitati (Bonifacio Veronese). This piece, part of the European Paintings collection, is crafted using Oil on wood. Measuring 32 1/2 x 50 in. (82.6 x 127 cm), the work is classified as Paintings .",a painting of a woman holding a baby,woman
435715,Portrait of a Seated Man,Gerard ter Borch the Younger,CC0-1.0,Paintings,European Paintings,,"Painting; Unknown; Unknown; Oil on wood; 14 1/8 x 12 in. (35.9 x 30.5 cm); late 1650s or early 1660s; European Paintings; Portrait of a Seated Man is a Unknown Painting by the Unknown artist Gerard ter Borch the Younger. This piece, part of the European Paintings collection, is crafted using Oil on wood. Measuring 14 1/8 x 12 in. (35.9 x 30.5 cm), the work is classified as Paintings and was created in late 1650s or early 1660s.",a painting of a man in a black suit,man
435717,A Woman Playing the Theorbo-Lute and a Cavalier,Gerard ter Borch the Younger,CC0-1.0,Paintings,European Paintings,,"Painting; Unknown; Unknown; Oil on wood; 14 1/2 x 12 3/4 in. (36.8 x 32.4 cm); ca. 1658; European Paintings; A Woman Playing the Theorbo-Lute and a Cavalier is a Unknown Painting by the Unknown artist Gerard ter Borch the Younger. This piece, part of the European Paintings collection, is crafted using Oil on wood. Measuring 14 1/2 x 12 3/4 in. (36.8 x 32.4 cm), the work is classified as Paintings and was created in ca. 1658.",a painting of a woman playing a guitar,woman
435731,The Coronation of the Virgin,Botticelli,CC0-1.0,Paintings,European Paintings,,"Painting; Unknown; Unknown; Tempera on canvas, transferred from wood; 39 1/2 x 60 1/4 in. (100.3 x 153 cm); Unknown; European Paintings; The Coronation of the Virgin is a Unknown Painting by the Unknown artist Botticelli. This piece, part of the European Paintings collection, is crafted using Tempera on canvas, transferred from wood. Measuring 39 1/2 x 60 1/4 in. (100.3 x 153 cm), the work is classified as Paintings .",a painting of a man kneeling on a woman,man
435739,The Toilette of Venus,François Boucher,CC0-1.0,Paintings,European Paintings,,"Painting, overdoor; Unknown; Unknown; Oil on canvas; 42 5/8 x 33 1/2 in. (108.3 x 85.1 cm); 1751; European Paintings; The Toilette of Venus is a Unknown Painting, overdoor by the Unknown artist François Boucher. This piece, part of the European Paintings collection, is crafted using Oil on canvas. Measuring 42 5/8 x 33 1/2 in. (108.3 x 85.1 cm), the work is classified as Paintings and was created in 1751.",a painting of a woman and two children,woman
435752,Young Mother Gazing at Her Child,William Bouguereau,CC0-1.0,Paintings,European Paintings,,"Painting; Unknown; Unknown; Oil on canvas; 56 x 40 1/2 in. (142.2 x 102.9 cm); 1871; European Paintings; Young Mother Gazing at Her Child is a Unknown Painting by the Unknown artist William Bouguereau. This piece, part of the European Paintings collection, is crafted using Oil on canvas. Measuring 56 x 40 1/2 in. (142.2 x 102.9 cm), the work is classified as Paintings and was created in 1871.",a painting of a woman holding a child,woman
435754,Breton Brother and Sister,William Bouguereau,CC0-1.0,Paintings,European Paintings,,"Painting; Unknown; Unknown; Oil on canvas; 50 7/8 x 35 1/8 in. (129.2 x 89.2 cm); 1871; European Paintings; Breton Brother and Sister is a Unknown Painting by the Unknown artist William Bouguereau. This piece, part of the European Paintings collection, is crafted using Oil on canvas. Measuring 50 7/8 x 35 1/8 in. (129.2 x 89.2 cm), the work is classified as Paintings and was created in 1871.",a painting of a woman holding a child,woman
435779,Portrait of a Woman,British Painter,CC0-1.0,Paintings,European Paintings,,"Painting; Unknown; Unknown; Oil on wood; 44 1/2 x 34 3/4 in. (113 x 88.3 cm); ca. 1600; European Paintings; Portrait of a Woman is a Unknown Painting by the Unknown artist British Painter. This piece, part of the European Paintings collection, is crafted using Oil on wood. Measuring 44 1/2 x 34 3/4 in. (113 x 88.3 cm), the work is classified as Paintings and was created in ca. 1600.",a painting of a woman in a blue dress,woman
435802,Portrait of a Young Man,Bronzino (Agnolo di Cosimo di Mariano),CC0-1.0,Paintings,European Paintings,,"Painting; Unknown; Unknown; Oil on wood; 37 5/8 x 29 1/2 in. (95.6 x 74.9 cm); 1530s; European Paintings; Portrait of a Young Man is a Unknown Painting by the Unknown artist Bronzino (Agnolo di Cosimo di Mariano). This piece, part of the European Paintings collection, is crafted using Oil on wood. Measuring 37 5/8 x 29 1/2 in. (95.6 x 74.9 cm), the work is classified as Paintings and was created in 1530s.",a painting of a man in a black coat,man
435817,The Crucifixion with the Virgin and Saint John,Hendrick ter Brugghen,CC0-1.0,Paintings,European Paintings,,"Painting; Unknown; Unknown; Oil on canvas; 61 in. × 40 1/4 in. (154.9 × 102.2 cm); ca. 1624–25; European Paintings; The Crucifixion with the Virgin and Saint John is a Unknown Painting by the Unknown artist Hendrick ter Brugghen. This piece, part of the European Paintings collection, is crafted using Oil on canvas. Measuring 61 in. × 40 1/4 in. (154.9 × 102.2 cm), the work is classified as Paintings and was created in ca. 1624–25.",a painting of jesus on the cross with two women,jesus
435824,Madonna and Child Enthroned with Saints Mary Magdalen and John the Baptist,Giuliano di Piero di Simone Bugiardini,CC0-1.0,Paintings,European Paintings,,"Painting; Unknown; Unknown; Oil on wood; 76 1/4 x 65 1/4 in. (193.7 x 165.7 cm); ca. 1523; European Paintings; Madonna and Child Enthroned with Saints Mary Magdalen and John the Baptist is a Unknown Painting by the Unknown artist Giuliano di Piero di Simone Bugiardini. This piece, part of the European Paintings collection, is crafted using Oil on wood. Measuring 76 1/4 x 65 1/4 in. (193.7 x 165.7 cm), the work is classified as Paintings and was created in ca. 1523.",a painting of a woman holding a baby,woman
435831,The Birth of Venus,Alexandre Cabanel,CC0-1.0,Paintings,European Paintings,,"Painting; Unknown; Unknown; Oil on canvas; 41 3/4 x 71 7/8 in. (106 x 182.6 cm); 1875; European Paintings; The Birth of Venus is a Unknown Painting by the Unknown artist Alexandre Cabanel. This piece, part of the European Paintings collection, is crafted using Oil on canvas. Measuring 41 3/4 x 71 7/8 in. (106 x 182.6 cm), the work is classified as Paintings and was created in 1875.",a painting of three women floating in the ocean,woman
435844,The Musicians,Caravaggio (Michelangelo Merisi),CC0-1.0,Paintings,European Paintings,,"Painting; Unknown; Unknown; Oil on canvas; 36 1/4 x 46 5/8 in. (92.1 x 118.4 cm); 1597; European Paintings; The Musicians is a Unknown Painting by the Unknown artist Caravaggio (Michelangelo Merisi). This piece, part of the European Paintings collection, is crafted using Oil on canvas. Measuring 36 1/4 x 46 5/8 in. (92.1 x 118.4 cm), the work is classified as Paintings and was created in 1597.",a painting of three women playing a musical instrument,woman
435852,Two Children Teasing a Cat,Annibale Carracci,CC0-1.0,Paintings,European Paintings,,"Painting; Unknown; Unknown; Oil on canvas; 26 x 35 in. (66 x 88.9 cm); Unknown; European Paintings; Two Children Teasing a Cat is a Unknown Painting by the Unknown artist Annibale Carracci. This piece, part of the European Paintings collection, is crafted using Oil on canvas. Measuring 26 x 35 in. (66 x 88.9 cm), the work is classified as Paintings .",a painting of a boy and a girl with a cat,man
435864,A Woman with a Dog,Giacomo Ceruti,CC0-1.0,Paintings,European Paintings,,"Painting; Unknown; Unknown; Oil on canvas; 38 x 28 1/2 in. (96.5 x 72.4 cm); 1740s; European Paintings; A Woman with a Dog is a Unknown Painting by the Unknown artist Giacomo Ceruti. This piece, part of the European Paintings collection, is crafted using Oil on canvas. Measuring 38 x 28 1/2 in. (96.5 x 72.4 cm), the work is classified as Paintings and was created in 1740s.",a painting of a young girl holding a dog,woman
435868,The Card Players,Paul Cézanne,CC0-1.0,Paintings,European Paintings,,"Painting; Unknown; Unknown; Oil on canvas; 25 3/4 x 32 1/4 in. (65.4 x 81.9 cm); 1890–92; European Paintings; The Card Players is a Unknown Painting by the Unknown artist Paul Cézanne. This piece, part of the European Paintings collection, is crafted using Oil on canvas. Measuring 25 3/4 x 32 1/4 in. (65.4 x 81.9 cm), the work is classified as Paintings and was created in 1890–92.",a painting of three men playing cards at a table,man
435888,Soap Bubbles,Jean Siméon Chardin,CC0-1.0,Paintings,European Paintings,,"Painting; Unknown; Unknown; Oil on canvas; 24 x 24 7/8 in. (61 x 63.2 cm); ca. 1733–34; European Paintings; Soap Bubbles is a Unknown Painting by the Unknown artist Jean Siméon Chardin. This piece, part of the European Paintings collection, is crafted using Oil on canvas. Measuring 24 x 24 7/8 in. (61 x 63.2 cm), the work is classified as Paintings and was created in ca. 1733–34.",a painting of a woman and child looking at a bowl of food,woman
435897,Head of Christ,Petrus Christus,CC0-1.0,Paintings,European Paintings,,"Painting; Unknown; Unknown; Oil on parchment, laid down on wood; Overall 5 7/8 x 4 1/4 in. (14.9 x 10.8 cm); parchment 5 3/4 x 4 1/8 in. (14.6 x 10.5 cm); ca. 1445; European Paintings; Head of Christ is a Unknown Painting by the Unknown artist Petrus Christus. This piece, part of the European Paintings collection, is crafted using Oil on parchment, laid down on wood. Measuring Overall 5 7/8 x 4 1/4 in. (14.9 x 10.8 cm); parchment 5 3/4 x 4 1/8 in. (14.6 x 10.5 cm), the work is classified as Paintings and was created in ca. 1445.",a painting of jesus with a crown of thorns,jesus
435904,Still Life with a Skull and a Writing Quill,Pieter Claesz,CC0-1.0,Paintings,European Paintings,,"Painting; Unknown; Unknown; Oil on wood; 9 1/2 x 14 1/8 in. (24.1 x 35.9 cm); 1628; European Paintings; Still Life with a Skull and a Writing Quill is a Unknown Painting by the Unknown artist Pieter Claesz. This piece, part of the European Paintings collection, is crafted using Oil on wood. Measuring 9 1/2 x 14 1/8 in. (24.1 x 35.9 cm), the work is classified as Paintings and was created in 1628.",a skull and a book on a table,skull
435916,"Henry II (1519–1559), King of France",François Clouet,CC0-1.0,Paintings,European Paintings,,"Painting; Unknown; Unknown; Oil on canvas, transferred from wood; 61 1/2 x 53 in. (156.2 x 134.6 cm); Unknown; European Paintings; Henry II (1519–1559), King of France is a Unknown Painting by the Unknown artist François Clouet. This piece, part of the European Paintings collection, is crafted using Oil on canvas, transferred from wood. Measuring 61 1/2 x 53 in. (156.2 x 134.6 cm), the work is classified as Paintings .",a painting of a man riding a horse,man
435976,The Letter,Camille Corot,CC0-1.0,Paintings,European Paintings,,"Painting; Unknown; Unknown; Oil on wood; 21 1/2 x 14 1/4 in. (54.6 x 36.2 cm); ca. 1865; European Paintings; The Letter is a Unknown Painting by the Unknown artist Camille Corot. This piece, part of the European Paintings collection, is crafted using Oil on wood. Measuring 21 1/2 x 14 1/4 in. (54.6 x 36.2 cm), the work is classified as Paintings and was created in ca. 1865.",a painting of a woman sitting in a chair,woman
436004,The Woman in the Waves,Gustave Courbet,CC0-1.0,Paintings,European Paintings,,"Painting; Unknown; Unknown; Oil on canvas; 25 3/4 x 21 1/4 in. (65.4 x 54 cm); 1868; European Paintings; The Woman in the Waves is a Unknown Painting by the Unknown artist Gustave Courbet. This piece, part of the European Paintings collection, is crafted using Oil on canvas. Measuring 25 3/4 x 21 1/4 in. (65.4 x 54 cm), the work is classified as Paintings and was created in 1868.",a painting of a woman in the water,woman
436014,Hunting Dogs with Dead Hare,Gustave Courbet,CC0-1.0,Paintings,European Paintings,,"Painting; Unknown; Unknown; Oil on canvas; 36 1/2 x 58 1/2 in. (92.7 x 148.6 cm); 1857; European Paintings; Hunting Dogs with Dead Hare is a Unknown Painting by the Unknown artist Gustave Courbet. This piece, part of the European Paintings collection, is crafted using Oil on canvas. Measuring 36 1/2 x 58 1/2 in. (92.7 x 148.6 cm), the work is classified as Paintings and was created in 1857.",a painting of two dogs,dog
436015,Louis Gueymard (1822–1880) as Robert le Diable,Gustave Courbet,CC0-1.0,Paintings,European Paintings,,"Painting; Unknown; Unknown; Oil on canvas; 58 1/2 x 42 in. (148.6 x 106.7 cm); 1857; European Paintings; Louis Gueymard (1822–1880) as Robert le Diable is a Unknown Painting by the Unknown artist Gustave Courbet. This piece, part of the European Paintings collection, is crafted using Oil on canvas. Measuring 58 1/2 x 42 in. (148.6 x 106.7 cm), the work is classified as Paintings and was created in 1857.",a painting of a man in a red outfit,man
436018,Nude with Flowering Branch,Gustave Courbet,CC0-1.0,Paintings,European Paintings,,"Painting; Unknown; Unknown; Oil on canvas; 29 1/2 x 24 in. (74.9 x 61 cm); 1863; European Paintings; Nude with Flowering Branch is a Unknown Painting by the Unknown artist Gustave Courbet. This piece, part of the European Paintings collection, is crafted using Oil on canvas. Measuring 29 1/2 x 24 in. (74.9 x 61 cm), the work is classified as Paintings and was created in 1863.",a painting of a woman with a flower in her hand,woman
436041,Samson and Delilah,Lucas Cranach the Elder,CC0-1.0,Paintings,European Paintings,,"Painting; Unknown; Unknown; Oil on beech; 22 1/2 x 14 7/8 in. (57.2 x 37.8cm); ca. 1528–30; European Paintings; Samson and Delilah is a Unknown Painting by the Unknown artist Lucas Cranach the Elder. This piece, part of the European Paintings collection, is crafted using Oil on beech. Measuring 22 1/2 x 14 7/8 in. (57.2 x 37.8cm)
, the work is classified as Paintings and was created in ca. 1528–30.",a painting of a woman sitting in a field,woman
436049,Philip IV (1605–1665) in Parade Armor,Gaspar de Crayer,CC0-1.0,Paintings,European Paintings,,"Painting; Unknown; Unknown; Oil on canvas; 72 x 46 1/2 in. (182.9 x 118.1 cm); ca. 1628; European Paintings; Philip IV (1605–1665) in Parade Armor is a Unknown Painting by the Unknown artist Gaspar de Crayer. This piece, part of the European Paintings collection, is crafted using Oil on canvas. Measuring 72 x 46 1/2 in. (182.9 x 118.1 cm)
, the work is classified as Paintings and was created in ca. 1628.",a painting of a man in a gold suit,man
436053,Pietà,Carlo Crivelli,CC0-1.0,Paintings,European Paintings,,"Painting; Unknown; Unknown; Tempera on wood, gold ground; Overall 28 1/4 x 25 3/8 in. (71.8 x 64.5 cm); painted surface 28 x 25 1/8 in. (71.1 x 63.8 cm); 1476; European Paintings; Pietà is a Unknown Painting by the Unknown artist Carlo Crivelli. This piece, part of the European Paintings collection, is crafted using Tempera on wood, gold ground. Measuring Overall 28 1/4 x 25 3/8 in. (71.8 x 64.5 cm); painted surface 28 x 25 1/8 in. (71.1 x 63.8 cm), the work is classified as Paintings and was created in 1476.",a painting of a man and two women,man
436056,Madonna and Child with Two Angels,Vittore Crivelli,CC0-1.0,Paintings,European Paintings,,"Painting; Unknown; Unknown; Tempera and gold on wood; 21 7/8 x 16 in. (55.6 x 40.6 cm); ca. 1481–82; European Paintings; Madonna and Child with Two Angels is a Unknown Painting by the Unknown artist Vittore Crivelli. This piece, part of the European Paintings collection, is crafted using Tempera and gold on wood. Measuring 21 7/8 x 16 in. (55.6 x 40.6 cm), the work is classified as Paintings and was created in ca. 1481–82.",a painting of a woman holding a baby,woman
436103,Virgin and Child,Simon Bening|Gerard David,CC0-1.0,Paintings,European Paintings,,"Painting; Unknown; Unknown; Oil on wood; Overall 10 x 8 1/4 in. (25.4 x 21 cm), with added strip of 3/8 in. (1 cm) at top; painted surface 9 5/8 x 8 1/4 in. (24.4 x 21 cm); ca. 1520; European Paintings; Virgin and Child is a Unknown Painting by the Unknown artist Simon Bening|Gerard David. This piece, part of the European Paintings collection, is crafted using Oil on wood. Measuring Overall 10 x 8 1/4 in. (25.4 x 21 cm), with added strip of 3/8 in. (1 cm) at top; painted surface 9 5/8 x 8 1/4 in. (24.4 x 21 cm), the work is classified as Paintings and was created in ca. 1520.",a painting of a woman holding a baby,woman
436107,General Étienne-Maurice Gérard (1773–1852),Jacques Louis David,CC0-1.0,Paintings,European Paintings,,"Painting; Unknown; Unknown; Oil on canvas; 77 5/8 x 53 5/8 in. (197.2 x 136.2 cm); 1816; European Paintings; General Étienne-Maurice Gérard (1773–1852) is a Unknown Painting by the Unknown artist Jacques Louis David. This piece, part of the European Paintings collection, is crafted using Oil on canvas. Measuring 77 5/8 x 53 5/8 in. (197.2 x 136.2 cm), the work is classified as Paintings and was created in 1816.",a painting of a man in uniform,man
436145,Joseph-Henri Altès (1826–1895),Edgar Degas,CC0-1.0,Paintings,European Paintings,,"Painting; Unknown; Unknown; Oil on canvas; 9 7/8 x 7 7/8 in. (25.1 x 20 cm); with added strips 10 5/8 x 8 1/2 in. (27 x 21.6 cm); 1868; European Paintings; Joseph-Henri Altès (1826–1895) is a Unknown Painting by the Unknown artist Edgar Degas. This piece, part of the European Paintings collection, is crafted using Oil on canvas. Measuring 9 7/8 x 7 7/8 in. (25.1 x 20 cm); with added strips 10 5/8 x 8 1/2 in. (27 x 21.6 cm), the work is classified as Paintings and was created in 1868.",a painting of a man with a beard,man
436178,Hamlet and His Mother,Eugène Delacroix,CC0-1.0,Paintings,European Paintings,,"Painting; Unknown; Unknown; Oil on canvas; 10 3/4 x 7 1/8 in. (27.3 x 18.1 cm); 1849; European Paintings; Hamlet and His Mother is a Unknown Painting by the Unknown artist Eugène Delacroix. This piece, part of the European Paintings collection, is crafted using Oil on canvas. Measuring 10 3/4 x 7 1/8 in. (27.3 x 18.1 cm), the work is classified as Paintings and was created in 1849.",a painting of a man and woman in a room,man
436190,Louis-Félix Amiel (1802–1864),Eugène Devéria,CC0-1.0,Paintings,European Paintings,,"Painting; Unknown; Unknown; Oil on canvas; 24 x 19 3/4 in. (61 x 50.2 cm); 1837; European Paintings; Louis-Félix Amiel (1802–1864) is a Unknown Painting by the Unknown artist Eugène Devéria. This piece, part of the European Paintings collection, is crafted using Oil on canvas. Measuring 24 x 19 3/4 in. (61 x 50.2 cm), the work is classified as Paintings and was created in 1837.",a painting of a man with a mustache,man
436213,"Portrait of a Woman, Said to be Madame Charles Simon Favart (Marie Justine Benoîte Duronceray, 1727–1772)",François Hubert Drouais,CC0-1.0,Paintings,European Paintings,,"Painting; Unknown; Unknown; Oil on canvas; 31 1/2 x 25 1/2 in. (80 x 64.8 cm); 1757; European Paintings; Portrait of a Woman, Said to be Madame Charles Simon Favart (Marie Justine Benoîte Duronceray, 1727–1772) is a Unknown Painting by the Unknown artist François Hubert Drouais. This piece, part of the European Paintings collection, is crafted using Oil on canvas. Measuring 31 1/2 x 25 1/2 in. (80 x 64.8 cm), the work is classified as Paintings and was created in 1757.",a painting of a woman playing the piano,woman
436214,"Marie Rinteau, called Mademoiselle de Verrières",François Hubert Drouais,CC0-1.0,Paintings,European Paintings,,"Painting; Unknown; Unknown; Oil on canvas; 45 1/2 x 34 5/8 in. (115.6 x 87.9 cm); 1761; European Paintings; Marie Rinteau, called Mademoiselle de Verrières is a Unknown Painting by the Unknown artist François Hubert Drouais. This piece, part of the European Paintings collection, is crafted using Oil on canvas. Measuring 45 1/2 x 34 5/8 in. (115.6 x 87.9 cm), the work is classified as Paintings and was created in 1761.",a painting of a woman in a white dress,woman
436215,Madame Sophie de France (1734–1782),François Hubert Drouais,CC0-1.0,Paintings,European Paintings,,"Painting; Unknown; Unknown; Oil on canvas; 25 5/8 x 20 7/8 in. (65.1 x 53 cm); 1762; European Paintings; Madame Sophie de France (1734–1782) is a Unknown Painting by the Unknown artist François Hubert Drouais. This piece, part of the European Paintings collection, is crafted using Oil on canvas. Measuring 25 5/8 x 20 7/8 in. (65.1 x 53 cm), the work is classified as Paintings and was created in 1762.",a painting of a woman with a cat,woman
436216,Portrait of a Young Woman as a Vestal Virgin,François Hubert Drouais,CC0-1.0,Paintings,European Paintings,,"Painting; Unknown; Unknown; Oil on canvas; 31 1/2 × 25 1/8 in. (80 × 63.8 cm); 1767; European Paintings; Portrait of a Young Woman as a Vestal Virgin is a Unknown Painting by the Unknown artist François Hubert Drouais. This piece, part of the European Paintings collection, is crafted using Oil on canvas. Measuring 31 1/2 × 25 1/8 in. (80 × 63.8 cm), the work is classified as Paintings and was created in 1767.",a painting of a young girl holding a flower,woman
436217,Boy with a Black Spaniel,François Hubert Drouais,CC0-1.0,Paintings,European Paintings,,"Painting; Unknown; Unknown; Oil on canvas; Oval, 25 3/8 x 21 in. (64.5 x 53.3 cm); ca. 1767; European Paintings; Boy with a Black Spaniel is a Unknown Painting by the Unknown artist François Hubert Drouais. This piece, part of the European Paintings collection, is crafted using Oil on canvas. Measuring Oval, 25 3/8 x 21 in. (64.5 x 53.3 cm), the work is classified as Paintings and was created in ca. 1767.",a painting of a boy holding a dog,man
436248,A Young Woman in a Landscape,Dutch Painter,CC0-1.0,Paintings,European Paintings,,"Painting; Unknown; Unknown; Oil on wood; 26 x 19 7/8 in. (66 x 50.5 cm); Unknown; European Paintings; A Young Woman in a Landscape is a Unknown Painting by the Unknown artist Dutch Painter. This piece, part of the European Paintings collection, is crafted using Oil on wood. Measuring 26 x 19 7/8 in. (66 x 50.5 cm), the work is classified as Paintings .",a painting of a woman in a black dress,woman
436252,"James Stuart (1612–1655), Duke of Richmond and Lennox",Anthony van Dyck,CC0-1.0,Paintings,European Paintings,,"Painting; Unknown; Unknown; Oil on canvas; 85 x 50 1/4 in. (215.9 x 127.6 cm); ca. 1633–35; European Paintings; James Stuart (1612–1655), Duke of Richmond and Lennox is a Unknown Painting by the Unknown artist Anthony van Dyck. This piece, part of the European Paintings collection, is crafted using Oil on canvas. Measuring 85 x 50 1/4 in. (215.9 x 127.6 cm), the work is classified as Paintings and was created in ca. 1633–35.",a painting of a boy with a dog,man
436253,Lucas van Uffel (died 1637),Anthony van Dyck,CC0-1.0,Paintings,European Paintings,,"Painting; Unknown; Unknown; Oil on canvas; 49 x 39 5/8 in. (124.5 x 100.6 cm); ca. 1622; European Paintings; Lucas van Uffel (died 1637) is a Unknown Painting by the Unknown artist Anthony van Dyck. This piece, part of the European Paintings collection, is crafted using Oil on canvas. Measuring 49 x 39 5/8 in. (124.5 x 100.6 cm), the work is classified as Paintings and was created in ca. 1622.",a painting of a man in a black coat,man
436254,Portrait of a Man,Anthony van Dyck,CC0-1.0,Paintings,European Paintings,,"Painting; Unknown; Unknown; Oil on wood; 41 3/4 x 28 5/8 in. (106 x 72.7 cm); ca. 1618; European Paintings; Portrait of a Man is a Unknown Painting by the Unknown artist Anthony van Dyck. This piece, part of the European Paintings collection, is crafted using Oil on wood. Measuring 41 3/4 x 28 5/8 in. (106 x 72.7 cm), the work is classified as Paintings and was created in ca. 1618.",a painting of a man with a book,man
436255,"Portrait of a Woman, Called the Marchesa Durazzo",Anthony van Dyck,CC0-1.0,Paintings,European Paintings,,"Painting; Unknown; Unknown; Oil on canvas; 44 5/8 x 37 3/4 in. (113.3 x 95.9 cm); probably ca. 1622–25; European Paintings; Portrait of a Woman, Called the Marchesa Durazzo is a Unknown Painting by the Unknown artist Anthony van Dyck. This piece, part of the European Paintings collection, is crafted using Oil on canvas. Measuring 44 5/8 x 37 3/4 in. (113.3 x 95.9 cm), the work is classified as Paintings and was created in probably ca. 1622–25.",a painting of a woman in a black dress,woman
436256,"Robert Rich (1587–1658), Second Earl of Warwick",Anthony van Dyck,CC0-1.0,Paintings,European Paintings,,"Painting; Unknown; Unknown; Oil on canvas; 81 7/8 x 50 3/8 in. (208 x 128 cm), with added strip of 2 1/8 in. (5.4 cm) at top; ca. 1632–35; European Paintings; Robert Rich (1587–1658), Second Earl of Warwick is a Unknown Painting by the Unknown artist Anthony van Dyck. This piece, part of the European Paintings collection, is crafted using Oil on canvas. Measuring 81 7/8 x 50 3/8 in. (208 x 128 cm), with added strip of 2 1/8 in. (5.4 cm) at top, the work is classified as Paintings and was created in ca. 1632–35.",a painting of a man in a red coat,man
436257,Saint Rosalie Interceding for the Plague-stricken of Palermo,Anthony van Dyck,CC0-1.0,Paintings,European Paintings,,"Painting; Unknown; Unknown; Oil on canvas; 39 1/4 x 29 in. (99.7 x 73.7 cm); 1624; European Paintings; Saint Rosalie Interceding for the Plague-stricken of Palermo is a Unknown Painting by the Unknown artist Anthony van Dyck. This piece, part of the European Paintings collection, is crafted using Oil on canvas. Measuring 39 1/4 x 29 in. (99.7 x 73.7 cm), the work is classified as Paintings and was created in 1624.",a painting of a woman surrounded by angels,woman
436258,Self-Portrait,Anthony van Dyck,CC0-1.0,Paintings,European Paintings,,"Painting; Unknown; Unknown; Oil on canvas; 47 1/8 x 34 5/8 in. (119.7 x 87.9 cm); ca. 1620–21; European Paintings; Self-Portrait is a Unknown Painting by the Unknown artist Anthony van Dyck. This piece, part of the European Paintings collection, is crafted using Oil on canvas. Measuring 47 1/8 x 34 5/8 in. (119.7 x 87.9 cm), the work is classified as Paintings and was created in ca. 1620–21.",a painting of a man in a black coat,man
436260,Study Head of an Old Man with a White Beard,Anthony van Dyck,CC0-1.0,Paintings,European Paintings,,"Painting; Unknown; Unknown; Oil on wood; 26 x 20 1/4 in. (66 x 51.4 cm); ca. 1617–20; European Paintings; Study Head of an Old Man with a White Beard is a Unknown Painting by the Unknown artist Anthony van Dyck. This piece, part of the European Paintings collection, is crafted using Oil on wood. Measuring 26 x 20 1/4 in. (66 x 51.4 cm), the work is classified as Paintings and was created in ca. 1617–20.",a painting of a man with a beard,man
436261,Virgin and Child,Anthony van Dyck,CC0-1.0,Paintings,European Paintings,,"Painting; Unknown; Unknown; Oil on wood; 25 1/4 x 19 1/2 in. (64.1 x 49.5 cm); ca. 1620; European Paintings; Virgin and Child is a Unknown Painting by the Unknown artist Anthony van Dyck. This piece, part of the European Paintings collection, is crafted using Oil on wood. Measuring 25 1/4 x 19 1/2 in. (64.1 x 49.5 cm), the work is classified as Paintings and was created in ca. 1620.",a painting of a woman holding a baby,woman
436262,Virgin and Child with Saint Catherine of Alexandria,Anthony van Dyck,CC0-1.0,Paintings,European Paintings,,"Painting; Unknown; Unknown; Oil on canvas; 43 x 35 3/4 in. (109.2 x 90.8 cm); with added strips 44 1/8 x 37 in. (112.1 x 94 cm); ca. 1630; European Paintings; Virgin and Child with Saint Catherine of Alexandria is a Unknown Painting by the Unknown artist Anthony van Dyck. This piece, part of the European Paintings collection, is crafted using Oil on canvas. Measuring 43 x 35 3/4 in. (109.2 x 90.8 cm); with added strips 44 1/8 x 37 in. (112.1 x 94 cm), the work is classified as Paintings and was created in ca. 1630.",a painting of three women holding a baby,woman
436292,Still Life with Roses and Fruit,Henri Fantin-Latour,CC0-1.0,Paintings,European Paintings,,"Painting; Unknown; Unknown; Oil on canvas; 13 5/8 x 16 3/8 in. (34.6 x 41.6 cm); 1863; European Paintings; Still Life with Roses and Fruit is a Unknown Painting by the Unknown artist Henri Fantin-Latour. This piece, part of the European Paintings collection, is crafted using Oil on canvas. Measuring 13 5/8 x 16 3/8 in. (34.6 x 41.6 cm), the work is classified as Paintings and was created in 1863.",a painting of a vase of flowers and a pear,vase
436293,Still Life with Flowers and Fruit,Henri Fantin-Latour,CC0-1.0,Paintings,European Paintings,,"Painting; Unknown; Unknown; Oil on canvas; 28 3/4 x 23 5/8 in. (73 x 60 cm); 1866; European Paintings; Still Life with Flowers and Fruit is a Unknown Painting by the Unknown artist Henri Fantin-Latour. This piece, part of the European Paintings collection, is crafted using Oil on canvas. Measuring 28 3/4 x 23 5/8 in. (73 x 60 cm), the work is classified as Paintings and was created in 1866.",a painting of a basket of fruit and flowers,basket
436332,Saint Roch,Francesco Francia,CC0-1.0,Paintings,European Paintings,,"Painting, altarpiece; Unknown; Unknown; Tempera on wood; 85 1/4 x 59 3/8 in. (216.5 x 150.8 cm); 1502; European Paintings; Saint Roch is a Unknown Painting, altarpiece by the Unknown artist Francesco Francia. This piece, part of the European Paintings collection, is crafted using Tempera on wood. Measuring 85 1/4 x 59 3/8 in. (216.5 x 150.8 cm), the work is classified as Paintings and was created in 1502.",a painting of a man holding a cross,man
436334,Madonna and Child,Francesco Francia,CC0-1.0,Paintings,European Paintings,,"Painting; Unknown; Unknown; Oil on wood; 24 x 18 1/8 in. (61 x 46 cm); 1490s; European Paintings; Madonna and Child is a Unknown Painting by the Unknown artist Francesco Francia. This piece, part of the European Paintings collection, is crafted using Oil on wood. Measuring 24 x 18 1/8 in. (61 x 46 cm), the work is classified as Paintings and was created in 1490s.",a painting of a woman holding a baby,woman
436335,Madonna and Child with Saints Francis and Jerome,Francesco Francia,CC0-1.0,Paintings,European Paintings,,"Painting; Unknown; Unknown; Tempera on wood; Overall 29 1/2 x 22 3/8 in. (74.9 x 56.8 cm); painted surface 27 1/2 x 22 1/4 in. (69.9 x 56.5 cm); 1500–10; European Paintings; Madonna and Child with Saints Francis and Jerome is a Unknown Painting by the Unknown artist Francesco Francia. This piece, part of the European Paintings collection, is crafted using Tempera on wood. Measuring Overall 29 1/2 x 22 3/8 in. (74.9 x 56.8 cm); painted surface 27 1/2 x 22 1/4 in. (69.9 x 56.5 cm), the work is classified as Paintings and was created in 1500–10.",a painting of a woman holding a baby,woman
436428,The Trinity,Agnolo Gaddi,CC0-1.0,Paintings,European Paintings,,"Painting; Unknown; Unknown; Tempera on wood, gold ground; Overall, with arched top, 53 1/2 x 28 3/4 in. (135.9 x 73 cm); painted surface 51 1/8 x 27 7/8 in. (129.9 x 70.8 cm); ca. 1390–96; European Paintings; The Trinity is a Unknown Painting by the Unknown artist Agnolo Gaddi. This piece, part of the European Paintings collection, is crafted using Tempera on wood, gold ground. Measuring Overall, with arched top, 53 1/2 x 28 3/4 in. (135.9 x 73 cm); painted surface 51 1/8 x 27 7/8 in. (129.9 x 70.8 cm), the work is classified as Paintings and was created in ca. 1390–96.",a painting of jesus on the cross,jesus
436431,Charles Rousseau Burney (1747–1819),Thomas Gainsborough,CC0-1.0,Paintings,European Paintings,,"Painting; Unknown; Unknown; Oil on canvas; 30 1/4 x 25 1/8 in. (76.8 x 63.8 cm); ca. 1780; European Paintings; Charles Rousseau Burney (1747–1819) is a Unknown Painting by the Unknown artist Thomas Gainsborough. This piece, part of the European Paintings collection, is crafted using Oil on canvas. Measuring 30 1/4 x 25 1/8 in. (76.8 x 63.8 cm), the work is classified as Paintings and was created in ca. 1780.",a painting of a man in a red jacket,man
436446,Two Tahitian Women,Paul Gauguin,CC0-1.0,Paintings,European Paintings,,"Painting; Unknown; Unknown; Oil on canvas; 37 x 28 1/2 in. (94 x 72.4 cm); 1899; European Paintings; Two Tahitian Women is a Unknown Painting by the Unknown artist Paul Gauguin. This piece, part of the European Paintings collection, is crafted using Oil on canvas. Measuring 37 x 28 1/2 in. (94 x 72.4 cm), the work is classified as Paintings and was created in 1899.",two women holding a plate of fruit,woman
436449,The Siesta,Paul Gauguin,CC0-1.0,Paintings,European Paintings,,"Painting; Unknown; Unknown; Oil on canvas; 35 x 45 3/4 in. (88.9 x 116.2 cm); ca. 1892–94; European Paintings; The Siesta is a Unknown Painting by the Unknown artist Paul Gauguin. This piece, part of the European Paintings collection, is crafted using Oil on canvas. Measuring 35 x 45 3/4 in. (88.9 x 116.2 cm), the work is classified as Paintings and was created in ca. 1892–94.",a painting of a group of people sitting on a deck,person
436454,Alfred Dedreux (1810–1860) as a Child,Théodore Gericault,CC0-1.0,Paintings,European Paintings,,"Painting; Unknown; Unknown; Oil on canvas; 18 x 15 in. (45.7 x 38.1 cm); ca. 1819–20; European Paintings; Alfred Dedreux (1810–1860) as a Child is a Unknown Painting by the Unknown artist Théodore Gericault. This piece, part of the European Paintings collection, is crafted using Oil on canvas. Measuring 18 x 15 in. (45.7 x 38.1 cm), the work is classified as Paintings and was created in ca. 1819–20.",a painting of a boy sitting on a rock,man
436472,Portrait of a Man in Profile,Italian Painter,CC0-1.0,Paintings,European Paintings,,"Painting; Unknown; Unknown; Oil on wood; 13 1/4 x 10 1/2 in. (33.7 x 26.7 cm); Unknown; European Paintings; Portrait of a Man in Profile is a Unknown Painting by the Unknown artist Italian Painter. This piece, part of the European Paintings collection, is crafted using Oil on wood. Measuring 13 1/4 x 10 1/2 in. (33.7 x 26.7 cm), the work is classified as Paintings .",a painting of a man wearing a hat,man
436498,The Man of Sorrows,Michele Giambono (Michele Giovanni Bono),CC0-1.0,Paintings,European Paintings,,"Painting; Unknown; Unknown; Tempera and gold on wood; Overall, with engaged frame, 21 3/4 x 15 3/4 in. (54.9 x 38.7 cm); painted surface 18 1/2 x 12 1/4 in. (47 x 31.1 cm); ca. 1430; European Paintings; The Man of Sorrows is a Unknown Painting by the Unknown artist Michele Giambono (Michele Giovanni Bono). This piece, part of the European Paintings collection, is crafted using Tempera and gold on wood. Measuring Overall, with engaged frame, 21 3/4 x 15 3/4 in. (54.9 x 38.7 cm); painted surface 18 1/2 x 12 1/4 in. (47 x 31.1 cm), the work is classified as Paintings and was created in ca. 1430.",a painting of a man with a cross on his chest,man
436521,Portrait of a Man,Hugo van der Goes,CC0-1.0,Paintings,European Paintings,,"Painting; Unknown; Unknown; Oil on wood; Oval, overall 12 1/2 x 10 1/2 in. (31.8 x 26.7 cm); painted surface 12 1/2 x 10 1/4 in. (31.8 x 26 cm); ca. 1475; European Paintings; Portrait of a Man is a Unknown Painting by the Unknown artist Hugo van der Goes. This piece, part of the European Paintings collection, is crafted using Oil on wood. Measuring Oval, overall 12 1/2 x 10 1/2 in. (31.8 x 26.7 cm); painted surface 12 1/2 x 10 1/4 in. (31.8 x 26 cm), the work is classified as Paintings and was created in ca. 1475.",a painting of a man with a black hat,man
436522,A Benedictine Monk,Hugo van der Goes,CC0-1.0,Paintings,European Paintings,,"Painting; Unknown; Unknown; Oil on wood; Overall 9 7/8 x 7 3/8 in. (25.1 x 18.7 cm), with added strip of 3/4 in. (1.9 cm) at right; Unknown; European Paintings; A Benedictine Monk is a Unknown Painting by the Unknown artist Hugo van der Goes. This piece, part of the European Paintings collection, is crafted using Oil on wood. Measuring Overall 9 7/8 x 7 3/8 in. (25.1 x 18.7 cm), with added strip of 3/4 in. (1.9 cm) at right, the work is classified as Paintings .",a painting of a man in a black coat,man
436529,"L'Arlésienne: Madame Joseph-Michel Ginoux (Marie Julien, 1848–1911)",Vincent van Gogh,CC0-1.0,Paintings,European Paintings,,"Painting; Unknown; Unknown; Oil on canvas; 36 × 29 in. (91.4 × 73.7 cm); 1888–89; European Paintings; L'Arlésienne: Madame Joseph-Michel Ginoux (Marie Julien, 1848–1911) is a Unknown Painting by the Unknown artist Vincent van Gogh. This piece, part of the European Paintings collection, is crafted using Oil on canvas. Measuring 36 × 29 in. (91.4 × 73.7 cm)
, the work is classified as Paintings and was created in 1888–89.",a painting of a woman sitting at a table,woman
436530,Oleanders,Vincent van Gogh,CC0-1.0,Paintings,European Paintings,,"Painting; Unknown; Unknown; Oil on canvas; 23 3/4 x 29 in. (60.3 x 73.7 cm); 1888; European Paintings; Oleanders is a Unknown Painting by the Unknown artist Vincent van Gogh. This piece, part of the European Paintings collection, is crafted using Oil on canvas. Measuring 23 3/4 x 29 in. (60.3 x 73.7 cm), the work is classified as Paintings and was created in 1888.",a painting of a vase of flowers on a table,vase
436532,Self-Portrait with a Straw Hat (obverse: The Potato Peeler),Vincent van Gogh,CC0-1.0,Paintings,European Paintings,,"Painting; Unknown; Unknown; Oil on canvas; 16 x 12 1/2 in. (40.6 x 31.8 cm); 1887; European Paintings; Self-Portrait with a Straw Hat (obverse: The Potato Peeler) is a Unknown Painting by the Unknown artist Vincent van Gogh. This piece, part of the European Paintings collection, is crafted using Oil on canvas. Measuring 16 x 12 1/2 in. (40.6 x 31.8 cm), the work is classified as Paintings and was created in 1887.",vincent van gogh van gogh van gogh van gogh van gogh van gogh van gogh van gogh van gogh van gogh,vincent
436534,Roses,Vincent van Gogh,CC0-1.0,Paintings,European Paintings,,"Painting; Unknown; Unknown; Oil on canvas; 36 5/8 x 29 1/8 in. (93 x 74 cm); 1890; European Paintings; Roses is a Unknown Painting by the Unknown artist Vincent van Gogh. This piece, part of the European Paintings collection, is crafted using Oil on canvas. Measuring 36 5/8 x 29 1/8 in. (93 x 74 cm), the work is classified as Paintings and was created in 1890.",a painting of a vase of white flowers,vase
436538,Portrait of a Man,Jan Gossart (called Mabuse),CC0-1.0,Paintings,European Paintings,,"Painting; Unknown; Unknown; Oil on wood; 18 1/2 x 13 3/4 in. (47 x 34.9 cm); ca. 1520–25; European Paintings; Portrait of a Man is a Unknown Painting by the Unknown artist Jan Gossart (called Mabuse). This piece, part of the European Paintings collection, is crafted using Oil on wood. Measuring 18 1/2 x 13 3/4 in. (47 x 34.9 cm), the work is classified as Paintings and was created in ca. 1520–25.",a painting of a man in a black hat,man
436539,Virgin and Child,Jan Gossart (called Mabuse),CC0-1.0,Paintings,European Paintings,,"Painting; Unknown; Unknown; Oil on wood; Overall 17 7/8 x 13 5/8 in. (45.4 x 34.6 cm); painted surface 17 1/4 x 13 in. (43.8 x 33 cm); Unknown; European Paintings; Virgin and Child is a Unknown Painting by the Unknown artist Jan Gossart (called Mabuse). This piece, part of the European Paintings collection, is crafted using Oil on wood. Measuring Overall 17 7/8 x 13 5/8 in. (45.4 x 34.6 cm); painted surface 17 1/4 x 13 in. (43.8 x 33 cm), the work is classified as Paintings .",a painting of a woman holding a baby,woman
436541,Sebastián Martínez y Pérez (1747–1800),Goya (Francisco de Goya y Lucientes),CC0-1.0,Paintings,European Paintings,,"Painting; Unknown; Unknown; Oil on canvas; 36 5/8 x 26 5/8 in. (93 x 67.6 cm); 1792; European Paintings; Sebastián Martínez y Pérez (1747–1800) is a Unknown Painting by the Unknown artist Goya (Francisco de Goya y Lucientes). This piece, part of the European Paintings collection, is crafted using Oil on canvas. Measuring 36 5/8 x 26 5/8 in. (93 x 67.6 cm), the work is classified as Paintings and was created in 1792.",a painting of a man sitting on a chair,man
436542,"Ignacio Garcini y Queralt (1752–1825), Brigadier of Engineers",Goya (Francisco de Goya y Lucientes),CC0-1.0,Paintings,European Paintings,,"Painting; Unknown; Unknown; Oil on canvas; 41 x 32 3/4 in. (104.1 x 83.2 cm); 1804; European Paintings; Ignacio Garcini y Queralt (1752–1825), Brigadier of Engineers is a Unknown Painting by the Unknown artist Goya (Francisco de Goya y Lucientes). This piece, part of the European Paintings collection, is crafted using Oil on canvas. Measuring 41 x 32 3/4 in. (104.1 x 83.2 cm), the work is classified as Paintings and was created in 1804.",a painting of a man in uniform,man
436543,Josefa de Castilla Portugal y van Asbrock de Garcini (1775–about 1850),Goya (Francisco de Goya y Lucientes),CC0-1.0,Paintings,European Paintings,,"Painting; Unknown; Unknown; Oil on canvas; 41 x 32 3/8 in. (104.1 x 82.2 cm); 1804; European Paintings; Josefa de Castilla Portugal y van Asbrock de Garcini (1775–about 1850) is a Unknown Painting by the Unknown artist Goya (Francisco de Goya y Lucientes). This piece, part of the European Paintings collection, is crafted using Oil on canvas. Measuring 41 x 32 3/8 in. (104.1 x 82.2 cm), the work is classified as Paintings and was created in 1804.",a painting of a woman in a white dress,woman
436544,"Tiburcio Pérez y Cuervo (1785/86–1841), the Architect",Goya (Francisco de Goya y Lucientes),CC0-1.0,Paintings,European Paintings,,"Painting; Unknown; Unknown; Oil on canvas; 40 1/4 x 32 in. (102.2 x 81.3 cm); 1820; European Paintings; Tiburcio Pérez y Cuervo (1785/86–1841), the Architect is a Unknown Painting by the Unknown artist Goya (Francisco de Goya y Lucientes). This piece, part of the European Paintings collection, is crafted using Oil on canvas. Measuring 40 1/4 x 32 in. (102.2 x 81.3 cm), the work is classified as Paintings and was created in 1820.",a painting of a boy in a black vest,man
436545,Manuel Osorio Manrique de Zuñiga (1784–1792),Goya (Francisco de Goya y Lucientes),CC0-1.0,Paintings,European Paintings,,"Painting; Unknown; Unknown; Oil on canvas; 50 x 40 in. (127 x 101.6 cm); 1787–88; European Paintings; Manuel Osorio Manrique de Zuñiga (1784–1792) is a Unknown Painting by the Unknown artist Goya (Francisco de Goya y Lucientes). This piece, part of the European Paintings collection, is crafted using Oil on canvas. Measuring 50 x 40 in. (127 x 101.6 cm), the work is classified as Paintings and was created in 1787–88.",a painting of a boy with a cat and a bird,man
436546,"José Costa y Bonells (died l870), Called Pepito",Goya (Francisco de Goya y Lucientes),CC0-1.0,Paintings,European Paintings,,"Painting; Unknown; Unknown; Oil on canvas; 41 3/8  x 33 1/4 in. (105.1 x 84.5 cm); ca. 1810; European Paintings; José Costa y Bonells (died l870), Called Pepito is a Unknown Painting by the Unknown artist Goya (Francisco de Goya y Lucientes). This piece, part of the European Paintings collection, is crafted using Oil on canvas. Measuring 41 3/8  x 33 1/4 in. (105.1 x 84.5 cm), the work is classified as Paintings and was created in ca. 1810.",a painting of a boy in a green jacket,man
436547,Narcisa Barañana de Goicoechea,Goya (Francisco de Goya y Lucientes),CC0-1.0,Paintings,European Paintings,,"Painting; Unknown; Unknown; Oil on canvas; 44 1/4 x 30 3/4 in. (112.4 x 78.1 cm); Unknown; European Paintings; Narcisa Barañana de Goicoechea is a Unknown Painting by the Unknown artist Goya (Francisco de Goya y Lucientes). This piece, part of the European Paintings collection, is crafted using Oil on canvas. Measuring 44 1/4 x 30 3/4 in. (112.4 x 78.1 cm), the work is classified as Paintings .",a painting of a woman in a black dress,woman
436573,Cardinal Fernando Niño de Guevara (1541–1609),El Greco (Domenikos Theotokopoulos),CC0-1.0,Paintings,European Paintings,,"Painting; Unknown; Unknown; Oil on canvas; 67 1/4 x 42 1/2in. (170.8 x 108cm); ca. 1600; European Paintings; Cardinal Fernando Niño de Guevara (1541–1609) is a Unknown Painting by the Unknown artist El Greco (Domenikos Theotokopoulos). This piece, part of the European Paintings collection, is crafted using Oil on canvas. Measuring 67 1/4 x 42 1/2in. (170.8 x 108cm), the work is classified as Paintings and was created in ca. 1600.",a painting of a man in a red robe,man
436576,The Vision of Saint John,El Greco (Domenikos Theotokopoulos),CC0-1.0,Paintings,European Paintings,,"Painting; Unknown; Unknown; Oil on canvas; 87 1/2 x 76 in. (222.3 x 193 cm); with added strips 88 1/2 x 78 1/2 in. (224.8 x 199.4 cm) [top truncated]; ca. 1608–14; European Paintings; The Vision of Saint John is a Unknown Painting by the Unknown artist El Greco (Domenikos Theotokopoulos). This piece, part of the European Paintings collection, is crafted using Oil on canvas. Measuring 87 1/2 x 76 in. (222.3 x 193 cm); with added strips 88 1/2 x 78 1/2 in. (224.8 x 199.4 cm) [top truncated], the work is classified as Paintings and was created in ca. 1608–14.",a painting of a woman and two men,woman
436582,Head of a Young Woman,Jean-Baptiste Greuze,CC0-1.0,Paintings,European Paintings,,"Painting; Unknown; Unknown; Oil on canvas; 16 1/8 x 12 3/4 in. (41 x 32.4 cm); possibly 1780s; European Paintings; Head of a Young Woman is a Unknown Painting by the Unknown artist Jean-Baptiste Greuze. This piece, part of the European Paintings collection, is crafted using Oil on canvas. Measuring 16 1/8 x 12 3/4 in. (41 x 32.4 cm), the work is classified as Paintings and was created in possibly 1780s.",a painting of a woman with a veil,woman
436583,Study of a Woman’s Head,Jean-Baptiste Greuze,CC0-1.0,Paintings,European Paintings,,"Painting; Unknown; Unknown; Oil on wood; 18 1/2 x 16 in. (47 x 40.6 cm); ca. 1780; European Paintings; Study of a Woman’s Head is a Unknown Painting by the Unknown artist Jean-Baptiste Greuze. This piece, part of the European Paintings collection, is crafted using Oil on wood. Measuring 18 1/2 x 16 in. (47 x 40.6 cm), the work is classified as Paintings and was created in ca. 1780.",a painting of a woman with a head scarf,woman
436584,"Madame Jean-Baptiste Nicolet (Anne Antoinette Desmoulins, 1743–1817)",Jean-Baptiste Greuze,CC0-1.0,Paintings,European Paintings,,"Painting; Unknown; Unknown; Oil on wood; 25 1/4 x 21 in. (64.1 x 53.3 cm); late 1780s; European Paintings; Madame Jean-Baptiste Nicolet (Anne Antoinette Desmoulins, 1743–1817) is a Unknown Painting by the Unknown artist Jean-Baptiste Greuze. This piece, part of the European Paintings collection, is crafted using Oil on wood. Measuring 25 1/4 x 21 in. (64.1 x 53.3 cm), the work is classified as Paintings and was created in late 1780s.",a painting of a man in a black suit and white shirt,man
436586,Princess Varvara Nikolaevna Gagarina (1762–1802),Jean-Baptiste Greuze,CC0-1.0,Paintings,European Paintings,,"Painting; Unknown; Unknown; Oil on canvas; Oval, 31 1/2 x 25 in. (80 x 63.5 cm); ca. 1780–82; European Paintings; Princess Varvara Nikolaevna Gagarina (1762–1802) is a Unknown Painting by the Unknown artist Jean-Baptiste Greuze. This piece, part of the European Paintings collection, is crafted using Oil on canvas. Measuring Oval, 31 1/2 x 25 in. (80 x 63.5 cm), the work is classified as Paintings and was created in ca. 1780–82.",a painting of a woman holding a cat,woman
436587,Jean Jacques Caffiéri (1725–1792),Jean-Baptiste Greuze,CC0-1.0,Paintings,European Paintings,,"Painting; Unknown; Unknown; Oil on canvas; Oval, 25 1/4 x 20 3/4 in. (64.1 x 52.7 cm); ca. 1765; European Paintings; Jean Jacques Caffiéri (1725–1792) is a Unknown Painting by the Unknown artist Jean-Baptiste Greuze. This piece, part of the European Paintings collection, is crafted using Oil on canvas. Measuring Oval, 25 1/4 x 20 3/4 in. (64.1 x 52.7 cm), the work is classified as Paintings and was created in ca. 1765.",a painting of a man in a black coat,man
436588,Head of a Young Boy,Jean-Baptiste Greuze,CC0-1.0,Paintings,European Paintings,,"Painting; Unknown; Unknown; Oil on canvas; 18 7/8 x 15 3/8 in. (47.9 x 39.1 cm); 1763; European Paintings; Head of a Young Boy is a Unknown Painting by the Unknown artist Jean-Baptiste Greuze. This piece, part of the European Paintings collection, is crafted using Oil on canvas. Measuring 18 7/8 x 15 3/8 in. (47.9 x 39.1 cm), the work is classified as Paintings and was created in 1763.",a painting of a young boy with a white shirt,man
436590,"The Empress Elizabeth of Russia (1709–1762) on Horseback, Attended by a Page",Georg Christoph Grooth,CC0-1.0,Paintings,European Paintings,,"Painting; Unknown; Unknown; Oil on canvas; 31 3/8 x 24 1/2 in. (79.7 x 62.2 cm); after 1743–49; European Paintings; The Empress Elizabeth of Russia (1709–1762) on Horseback, Attended by a Page is a Unknown Painting by the Unknown artist Georg Christoph Grooth. This piece, part of the European Paintings collection, is crafted using Oil on canvas. Measuring 31 3/8 x 24 1/2 in. (79.7 x 62.2 cm), the work is classified as Paintings and was created in after 1743–49.",a painting of a man on a horse,man
436616,Young Man and Woman in an Inn,Frans Hals,CC0-1.0,Paintings,European Paintings,,"Painting; Unknown; Unknown; Oil on canvas; 41 1/2 x 31 1/4 in. (105.4 x 79.4 cm); 1623; European Paintings; Young Man and Woman in an Inn is a Unknown Painting by the Unknown artist Frans Hals. This piece, part of the European Paintings collection, is crafted using Oil on canvas. Measuring 41 1/2 x 31 1/4 in. (105.4 x 79.4 cm), the work is classified as Paintings and was created in 1623.",a painting of a boy with a hat and a woman holding a book,man
436623,Portrait of a Man,Frans Hals,CC0-1.0,Paintings,European Paintings,,"Painting; Unknown; Unknown; Oil on canvas; 43 1/2 x 34 in. (110.5 x 86.4 cm); early 1650s; European Paintings; Portrait of a Man is a Unknown Painting by the Unknown artist Frans Hals. This piece, part of the European Paintings collection, is crafted using Oil on canvas. Measuring 43 1/2 x 34 in. (110.5 x 86.4 cm), the work is classified as Paintings and was created in early 1650s.",a painting of a man in a black suit,man
436624,Portrait of a Woman,Frans Hals,CC0-1.0,Paintings,European Paintings,,"Painting; Unknown; Unknown; Oil on canvas; 39 3/8 x 32 1/4 in. (100 x 81.9 cm); ca. 1650, reworked probably 18th century; European Paintings; Portrait of a Woman is a Unknown Painting by the Unknown artist Frans Hals. This piece, part of the European Paintings collection, is crafted using Oil on canvas. Measuring 39 3/8 x 32 1/4 in. (100 x 81.9 cm), the work is classified as Paintings and was created in ca. 1650, reworked probably 18th century.",a painting of a woman in a black dress,woman
436625,The Smoker,Frans Hals,CC0-1.0,Paintings,European Paintings,,"Painting; Unknown; Unknown; Oil on wood; Octagonal, 18 3/8 x 19 1/2 in. (46.7 x 49.5 cm); ca. 1623–25; European Paintings; The Smoker is a Unknown Painting by the Unknown artist Frans Hals. This piece, part of the European Paintings collection, is crafted using Oil on wood. Measuring Octagonal, 18 3/8 x 19 1/2 in. (46.7 x 49.5 cm), the work is classified as Paintings and was created in ca. 1623–25.",a painting of a boy and girl,man
436626,Boy with a Lute,Frans Hals,CC0-1.0,Paintings,European Paintings,,"Painting; Unknown; Unknown; Oil on canvas; 28 3/8 x 23 1/4 in. (72.1 x 59.1 cm); ca. 1625; European Paintings; Boy with a Lute is a Unknown Painting by the Unknown artist Frans Hals. This piece, part of the European Paintings collection, is crafted using Oil on canvas. Measuring 28 3/8 x 23 1/4 in. (72.1 x 59.1 cm), the work is classified as Paintings and was created in ca. 1625.",a painting of a young boy playing a violin,man
436627,Frans Hals (1582/83–1666),Frans Hals,CC0-1.0,Paintings,European Paintings,,"Painting; Unknown; Unknown; Oil on wood; 12 7/8 x 11 in. (32.7 x 27.9 cm); probably 1650s; European Paintings; Frans Hals (1582/83–1666) is a Unknown Painting by the Unknown artist Frans Hals. This piece, part of the European Paintings collection, is crafted using Oil on wood. Measuring 12 7/8 x 11 in. (32.7 x 27.9 cm), the work is classified as Paintings and was created in probably 1650s.",a painting of a man with a hat and a mustache,man
436628,Malle Babbe,Frans Hals,CC0-1.0,Paintings,European Paintings,,"Painting; Unknown; Unknown; Oil on canvas; 29 1/2 x 24 in. (74.9 x 61 cm); Unknown; European Paintings; Malle Babbe is a Unknown Painting by the Unknown artist Frans Hals. This piece, part of the European Paintings collection, is crafted using Oil on canvas. Measuring 29 1/2 x 24 in. (74.9 x 61 cm), the work is classified as Paintings .",a painting of a woman with a bird on her shoulder,woman
436630,Portrait of a Woman,Adriaen Hanneman,CC0-1.0,Paintings,European Paintings,,"Painting; Unknown; Unknown; Oil on canvas; 31 1/2 x 25 in. (80 x 63.5 cm); ca. 1653; European Paintings; Portrait of a Woman is a Unknown Painting by the Unknown artist Adriaen Hanneman. This piece, part of the European Paintings collection, is crafted using Oil on canvas. Measuring 31 1/2 x 25 in. (80 x 63.5 cm), the work is classified as Paintings and was created in ca. 1653.",a painting of a woman in a black dress,woman
436631,Self-Portrait,George Henry Harlow,CC0-1.0,Paintings,European Paintings,,"Painting; Unknown; Unknown; Oil on canvas; 30 x 25 in. (76.2 x 63.5 cm); Unknown; European Paintings; Self-Portrait is a Unknown Painting by the Unknown artist George Henry Harlow. This piece, part of the European Paintings collection, is crafted using Oil on canvas. Measuring 30 x 25 in. (76.2 x 63.5 cm), the work is classified as Paintings .",a painting of a boy in a black coat,man
436644,A Bather (Echo),Jean-Jacques Henner,CC0-1.0,Paintings,European Paintings,,"Painting; Unknown; Unknown; Oil on canvas; 38 1/8 x 27 3/4 in. (96.8 x 70.5 cm); 1881; European Paintings; A Bather (Echo) is a Unknown Painting by the Unknown artist Jean-Jacques Henner. This piece, part of the European Paintings collection, is crafted using Oil on canvas. Measuring 38 1/8 x 27 3/4 in. (96.8 x 70.5 cm), the work is classified as Paintings and was created in 1881.",a painting of a woman in a field,woman
436645,Young Woman Praying,Jean-Jacques Henner,CC0-1.0,Paintings,European Paintings,,"Painting; Unknown; Unknown; Oil on canvas; 24 7/8 x 17 7/8 in. (63.2 x 45.4 cm); Unknown; European Paintings; Young Woman Praying is a Unknown Painting by the Unknown artist Jean-Jacques Henner. This piece, part of the European Paintings collection, is crafted using Oil on canvas. Measuring 24 7/8 x 17 7/8 in. (63.2 x 45.4 cm), the work is classified as Paintings .",a painting of a woman with red hair,woman
436680,The Annunciation of the Death of the Virgin,Samuel van Hoogstraten,CC0-1.0,Paintings,European Paintings,,"Painting; Unknown; Unknown; Oil on canvas; 26 x 20 3/4 in. (66 x 52.7 cm); ca. 1670; European Paintings; The Annunciation of the Death of the Virgin is a Unknown Painting by the Unknown artist Samuel van Hoogstraten. This piece, part of the European Paintings collection, is crafted using Oil on canvas. Measuring 26 x 20 3/4 in. (66 x 52.7 cm), the work is classified as Paintings and was created in ca. 1670.",a painting of a woman kneeling on a chair,woman
436683,Lady Hester King (died 1873),John Hoppner,CC0-1.0,Paintings,European Paintings,,"Painting; Unknown; Unknown; Oil on canvas; 30 x 25 in. (76.2 x 63.5 cm); probably 1805; European Paintings; Lady Hester King (died 1873) is a Unknown Painting by the Unknown artist John Hoppner. This piece, part of the European Paintings collection, is crafted using Oil on canvas. Measuring 30 x 25 in. (76.2 x 63.5 cm), the work is classified as Paintings and was created in probably 1805.",a painting of a woman with a hat,woman
436684,Major Thomas Pechell (1753–1826),John Hoppner,CC0-1.0,Paintings,European Paintings,,"Painting; Unknown; Unknown; Oil on canvas; 30 x 24 7/8 in. (76.2 x 63.2 cm); 1799; European Paintings; Major Thomas Pechell (1753–1826) is a Unknown Painting by the Unknown artist John Hoppner. This piece, part of the European Paintings collection, is crafted using Oil on canvas. Measuring 30 x 24 7/8 in. (76.2 x 63.2 cm), the work is classified as Paintings and was created in 1799.",a painting of a man in a red coat,man
436685,"Mrs. John Garden (Ann Garden, 1769–1842) and Her Children, John (1796–1854) and Ann Margaret (born 1793)",John Hoppner,CC0-1.0,Paintings,European Paintings,,"Painting; Unknown; Unknown; Oil on canvas; 50 1/8 x 39 7/8 in. (127.3 x 101.3 cm); 1796 or 1797; European Paintings; Mrs. John Garden (Ann Garden, 1769–1842) and Her Children, John (1796–1854) and Ann Margaret (born 1793) is a Unknown Painting by the Unknown artist John Hoppner. This piece, part of the European Paintings collection, is crafted using Oil on canvas. Measuring 50 1/8 x 39 7/8 in. (127.3 x 101.3 cm), the work is classified as Paintings and was created in 1796 or 1797.",a painting of two women and a child,woman
436686,"Mrs. Richard Bache (Sarah Franklin, 1743–1808)",John Hoppner,CC0-1.0,Paintings,European Paintings,,"Painting; Unknown; Unknown; Oil on canvas; 30 1/8 x 24 7/8 in. (76.5 x 63.2 cm); 1793; European Paintings; Mrs. Richard Bache (Sarah Franklin, 1743–1808) is a Unknown Painting by the Unknown artist John Hoppner. This piece, part of the European Paintings collection, is crafted using Oil on canvas. Measuring 30 1/8 x 24 7/8 in. (76.5 x 63.2 cm), the work is classified as Paintings and was created in 1793.",a painting of a woman in a white hat,woman
436687,"Mrs. Richard Brinsley Sheridan (Hester Jane Ogle, 1775/76–1817) and Her Son (Charles Brinsley Sheridan, 1796–1843)",John Hoppner,CC0-1.0,Paintings,European Paintings,,"Painting; Unknown; Unknown; Oil on canvas; 93 3/4 x 59 in. (238.1 x 149.9 cm); Unknown; European Paintings; Mrs. Richard Brinsley Sheridan (Hester Jane Ogle, 1775/76–1817) and Her Son (Charles Brinsley Sheridan, 1796–1843) is a Unknown Painting by the Unknown artist John Hoppner. This piece, part of the European Paintings collection, is crafted using Oil on canvas. Measuring 93 3/4 x 59 in. (238.1 x 149.9 cm), the work is classified as Paintings .",a painting of a woman in a yellow dress,woman
436688,"Mrs. Thomas Pechell (Charlotte Clavering, died 1841)",John Hoppner,CC0-1.0,Paintings,European Paintings,,"Painting; Unknown; Unknown; Oil on canvas; 30 x 25 in. (76.2 x 63.5 cm); 1799; European Paintings; Mrs. Thomas Pechell (Charlotte Clavering, died 1841) is a Unknown Painting by the Unknown artist John Hoppner. This piece, part of the European Paintings collection, is crafted using Oil on canvas. Measuring 30 x 25 in. (76.2 x 63.5 cm), the work is classified as Paintings and was created in 1799.",a painting of a woman in a white dress,woman
436689,"Mrs. Whaley (died 1798, Isle of Man)",George Chinnery,CC0-1.0,Paintings,European Paintings,,"Painting; Unknown; Unknown; Oil on canvas; 93 1/2 x 58 in. (237.5 x 147.3 cm); Unknown; European Paintings; Mrs. Whaley (died 1798, Isle of Man) is a Unknown Painting by the Unknown artist George Chinnery. This piece, part of the European Paintings collection, is crafted using Oil on canvas. Measuring 93 1/2 x 58 in. (237.5 x 147.3 cm), the work is classified as Paintings .",a painting of a woman in a black dress,woman
436690,"Portrait of a Woman; (reverse, now covered by relining canvas) Study of a Child's Head",John Hoppner,CC0-1.0,Paintings,European Paintings,,"Painting; Unknown; Unknown; Oil on canvas; 30 x 24 7/8 in. (76.2 x 63.2 cm); 1790s; European Paintings; Portrait of a Woman; (reverse, now covered by relining canvas) Study of a Child's Head is a Unknown Painting by the Unknown artist John Hoppner. This piece, part of the European Paintings collection, is crafted using Oil on canvas. Measuring 30 x 24 7/8 in. (76.2 x 63.2 cm), the work is classified as Paintings and was created in 1790s.",a painting of a woman in a white dress,woman
436691,"Richard Humphreys, the Boxer",John Hoppner,CC0-1.0,Paintings,European Paintings,,"Painting; Unknown; Unknown; Oil on canvas; 55 3/4 x 44 1/4 in. (141.6 x 112.4 cm); Unknown; European Paintings; Richard Humphreys, the Boxer is a Unknown Painting by the Unknown artist John Hoppner. This piece, part of the European Paintings collection, is crafted using Oil on canvas. Measuring 55 3/4 x 44 1/4 in. (141.6 x 112.4 cm), the work is classified as Paintings .",a painting of a man in a white uniform,man
436707,"Madame Edmond Cavé (Marie-Élisabeth Blavot, born 1810)",Jean Auguste Dominique Ingres,CC0-1.0,Paintings,European Paintings,,"Painting; Unknown; Unknown; Oil on canvas; 16 x 12 7/8 in. (40.6 x 32.7 cm); ca. 1831–34; European Paintings; Madame Edmond Cavé (Marie-Élisabeth Blavot, born 1810) is a Unknown Painting by the Unknown artist Jean Auguste Dominique Ingres. This piece, part of the European Paintings collection, is crafted using Oil on canvas. Measuring 16 x 12 7/8 in. (40.6 x 32.7 cm), the work is classified as Paintings and was created in ca. 1831–34.",a painting of a woman with a bun,woman
436708,Odalisque in Grisaille,Jean Auguste Dominique Ingres,CC0-1.0,Paintings,European Paintings,,"Painting; Unknown; Unknown; Oil on canvas; 32 3/4 x 43 in. (83.2 x 109.2 cm); ca. 1824–34; European Paintings; Odalisque in Grisaille is a Unknown Painting by the Unknown artist Jean Auguste Dominique Ingres. This piece, part of the European Paintings collection, is crafted using Oil on canvas. Measuring 32 3/4 x 43 in. (83.2 x 109.2 cm), the work is classified as Paintings and was created in ca. 1824–34.",a painting of a naked woman laying on a bed,woman
436819,Mäda Primavesi (1903–2000),Gustav Klimt,CC0-1.0,Paintings,European Paintings,,"Painting; Unknown; Unknown; Oil on canvas; 59 x 43 1/2 in. (149.9 x 110.5 cm); 1912–13; European Paintings; Mäda Primavesi (1903–2000) is a Unknown Painting by the Unknown artist Gustav Klimt. This piece, part of the European Paintings collection, is crafted using Oil on canvas. Measuring 59 x 43 1/2 in. (149.9 x 110.5 cm), the work is classified as Paintings and was created in 1912–13.",a painting of a girl in a white dress,woman
436932,The Lacemaker,Nicolaes Maes,CC0-1.0,Paintings,European Paintings,,"Painting; Unknown; Unknown; Oil on canvas; 17 3/4 x 20 3/4 in. (45.1 x 52.7 cm); ca. 1656; European Paintings; The Lacemaker is a Unknown Painting by the Unknown artist Nicolaes Maes. This piece, part of the European Paintings collection, is crafted using Oil on canvas. Measuring 17 3/4 x 20 3/4 in. (45.1 x 52.7 cm), the work is classified as Paintings and was created in ca. 1656.",a painting of a woman and child sitting on a chair,woman
436944,The Spanish Singer,Edouard Manet,CC0-1.0,Paintings,European Paintings,,"Painting; Unknown; Unknown; Oil on canvas; 58 x 45 in. (147.3 x 114.3 cm); 1860; European Paintings; The Spanish Singer is a Unknown Painting by the Unknown artist Edouard Manet. This piece, part of the European Paintings collection, is crafted using Oil on canvas. Measuring 58 x 45 in. (147.3 x 114.3 cm), the work is classified as Paintings and was created in 1860.",a painting of a man playing a guitar,man
436945,Mademoiselle V. . . in the Costume of an Espada,Edouard Manet,CC0-1.0,Paintings,European Paintings,,"Painting; Unknown; Unknown; Oil on canvas; 65 x 50 1/4 in. (165.1 x 127.6 cm); 1862; European Paintings; Mademoiselle V. . . in the Costume of an Espada is a Unknown Painting by the Unknown artist Edouard Manet. This piece, part of the European Paintings collection, is crafted using Oil on canvas. Measuring 65 x 50 1/4 in. (165.1 x 127.6 cm), the work is classified as Paintings and was created in 1862.",a painting of a woman in a black dress,woman
436947,Boating,Edouard Manet,CC0-1.0,Paintings,European Paintings,,"Painting; Unknown; Unknown; Oil on canvas; 38 1/4 x 51 1/4 in. (97.2 x 130.2 cm); 1874; European Paintings; Boating is a Unknown Painting by the Unknown artist Edouard Manet. This piece, part of the European Paintings collection, is crafted using Oil on canvas. Measuring 38 1/4 x 51 1/4 in. (97.2 x 130.2 cm), the work is classified as Paintings and was created in 1874.",a painting of a man and woman in a boat,man
436948,Boy with a Sword,Edouard Manet,CC0-1.0,Paintings,European Paintings,,"Painting; Unknown; Unknown; Oil on canvas; 51 5/8 x 36 3/4 in. (131.1 x 93.4 cm); 1861; European Paintings; Boy with a Sword is a Unknown Painting by the Unknown artist Edouard Manet. This piece, part of the European Paintings collection, is crafted using Oil on canvas. Measuring 51 5/8 x 36 3/4 in. (131.1 x 93.4 cm), the work is classified as Paintings and was created in 1861.",a painting of a boy with a gun,man
436970,Penelope,Charles-François Marchal,CC0-1.0,Paintings,European Paintings,,"Painting; Unknown; Unknown; Oil on canvas; 43 1/2 x 19 1/2 in. (110.5 x 49.5 cm); ca. 1868; European Paintings; Penelope is a Unknown Painting by the Unknown artist Charles-François Marchal. This piece, part of the European Paintings collection, is crafted using Oil on canvas. Measuring 43 1/2 x 19 1/2 in. (110.5 x 49.5 cm), the work is classified as Paintings and was created in ca. 1868.",a painting of a woman in a blue dress,woman
436992,The Sense of Sight,Master of the Annunciation to the Shepherds,CC0-1.0,Paintings,European Paintings,,"Painting; Unknown; Unknown; Oil on canvas; Overall, with added strips, 29 7/8 x 24 7/8 in. (75.9 x 63.2 cm); without additions 27 3/4 x 21 3/4 in. (70.5 x 55.2 cm); Unknown; European Paintings; The Sense of Sight is a Unknown Painting by the Unknown artist Master of the Annunciation to the Shepherds. This piece, part of the European Paintings collection, is crafted using Oil on canvas. Measuring Overall, with added strips, 29 7/8 x 24 7/8 in. (75.9 x 63.2 cm); without additions 27 3/4 x 21 3/4 in. (70.5 x 55.2 cm), the work is classified as Paintings .",a painting of a woman looking at a mirror,woman
437000,Portrait of a Woman,Master of the Castello Nativity,CC0-1.0,Paintings,European Paintings,,"Painting; Unknown; Unknown; Tempera and gold on canvas, transferred from wood; 15 3/4 x 10 3/4 in. (40 x 27.3 cm); probably 1450s; European Paintings; Portrait of a Woman is a Unknown Painting by the Unknown artist Master of the Castello Nativity. This piece, part of the European Paintings collection, is crafted using Tempera and gold on canvas, transferred from wood. Measuring 15 3/4 x 10 3/4 in. (40 x 27.3 cm), the work is classified as Paintings and was created in probably 1450s.",a painting of a woman with a red dress,woman
437092,Portia,Sir John Everett Millais,CC0-1.0,Paintings,European Paintings,,"Painting; Unknown; Unknown; Oil on canvas; 49 1/4 x 33 in. (125.1 x 83.8 cm); 1886; European Paintings; Portia is a Unknown Painting by the Unknown artist Sir John Everett Millais. This piece, part of the European Paintings collection, is crafted using Oil on canvas. Measuring 49 1/4 x 33 in. (125.1 x 83.8 cm), the work is classified as Paintings and was created in 1886.",a painting of a woman in a red dress,woman
437098,Shepherdess Seated on a Rock,Jean-François Millet,CC0-1.0,Paintings,European Paintings,,"Painting; Unknown; Unknown; Oil on wood; 14 1/8 x 11 1/8 in. (35.9 x 28.3 cm); 1856; European Paintings; Shepherdess Seated on a Rock is a Unknown Painting by the Unknown artist Jean-François Millet. This piece, part of the European Paintings collection, is crafted using Oil on wood. Measuring 14 1/8 x 11 1/8 in. (35.9 x 28.3 cm), the work is classified as Paintings and was created in 1856.",a painting of a woman sitting in a field,woman
437099,Woman with a Rake,Jean-François Millet,CC0-1.0,Paintings,European Paintings,,"Painting; Unknown; Unknown; Oil on canvas; 15 5/8 x 13 1/2 in. (39.7 x 34.3 cm); probably 1856–57; European Paintings; Woman with a Rake is a Unknown Painting by the Unknown artist Jean-François Millet. This piece, part of the European Paintings collection, is crafted using Oil on canvas. Measuring 15 5/8 x 13 1/2 in. (39.7 x 34.3 cm), the work is classified as Paintings and was created in probably 1856–57.",a painting of a woman with a rake,woman
437154,Portrait of a Young Boy,Paulus Moreelse,CC0-1.0,Paintings,European Paintings,,"Painting; Unknown; Unknown; Oil on wood; Oval, 23 x 19 5/8 in. (58.4 x 49.8 cm); Unknown; European Paintings; Portrait of a Young Boy is a Unknown Painting by the Unknown artist Paulus Moreelse. This piece, part of the European Paintings collection, is crafted using Oil on wood. Measuring Oval, 23 x 19 5/8 in. (58.4 x 49.8 cm), the work is classified as Paintings .",a painting of a young girl in a black and gold dress,woman
437220,A Cavalryman,Alphonse-Marie-Adolphe de Neuville,CC0-1.0,Paintings,European Paintings,,"Painting; Unknown; Unknown; Oil on canvas; 18 1/8 x 15 in. (46 x 38.1 cm); 1884; European Paintings; A Cavalryman is a Unknown Painting by the Unknown artist Alphonse-Marie-Adolphe de Neuville. This piece, part of the European Paintings collection, is crafted using Oil on canvas. Measuring 18 1/8 x 15 in. (46 x 38.1 cm), the work is classified as Paintings and was created in 1884.",a painting of a man on a horse,man
437236,Head of a Donor,Albert van Ouwater,CC0-1.0,Paintings,European Paintings,,"Painting fragment; Unknown; Unknown; Oil on wood; 3 7/8 x 3 1/2 in. (9.8 x 8.9 cm); ca. 1460; European Paintings; Head of a Donor is a Unknown Painting fragment by the Unknown artist Albert van Ouwater. This piece, part of the European Paintings collection, is crafted using Oil on wood. Measuring 3 7/8 x 3 1/2 in. (9.8 x 8.9 cm), the work is classified as Paintings and was created in ca. 1460.",a painting of a man with a blue collar,man
437239,"The Grandchildren of Sir William Heathcote, 3rd Baronet",William Owen,CC0-1.0,Paintings,European Paintings,,"Painting; Unknown; Unknown; Oil on canvas; 55 1/4 x 67 1/2 in. (140.3 x 171.5 cm); Unknown; European Paintings; The Grandchildren of Sir William Heathcote, 3rd Baronet is a Unknown Painting by the Unknown artist William Owen. This piece, part of the European Paintings collection, is crafted using Oil on canvas. Measuring 55 1/4 x 67 1/2 in. (140.3 x 171.5 cm), the work is classified as Paintings .",a painting of three children,child
437248,Madonna and Child,Paolo di Giovanni Fei,CC0-1.0,Paintings,European Paintings,,"Painting; Unknown; Unknown; Tempera on wood, gold ground; Overall, with engaged frame, 34 1/4 x 23 1/4 in. (87 x 59.1 cm); painted surface 27 x 16 7/8 in. (68.6 x 42.9 cm); 1370s; European Paintings; Madonna and Child is a Unknown Painting by the Unknown artist Paolo di Giovanni Fei. This piece, part of the European Paintings collection, is crafted using Tempera on wood, gold ground. Measuring Overall, with engaged frame, 34 1/4 x 23 1/4 in. (87 x 59.1 cm); painted surface 27 x 16 7/8 in. (68.6 x 42.9 cm), the work is classified as Paintings and was created in 1370s.",a painting of a woman holding a baby,woman
437255,"Portrait of a Knight of Malta, Probably Fra Jacopo Salviati",Mirabello Cavalori,CC0-1.0,Paintings,European Paintings,,"Painting; Unknown; Unknown; Oil on canvas; 35 x 26 1/4 in. (88.9 x 66.7 cm); 1566; European Paintings; Portrait of a Knight of Malta, Probably Fra Jacopo Salviati is a Unknown Painting by the Unknown artist Mirabello Cavalori. This piece, part of the European Paintings collection, is crafted using Oil on canvas. Measuring 35 x 26 1/4 in. (88.9 x 66.7 cm), the work is classified as Paintings and was created in 1566.",a painting of a man with a book,man
437268,Bacchus and Ariadne,Giovanni Antonio Pellegrini,CC0-1.0,Paintings,European Paintings,,"Painting; Unknown; Unknown; Oil on canvas; 46 x 50 1/2 in. (116.8 x 128.3 cm); 1720s; European Paintings; Bacchus and Ariadne is a Unknown Painting by the Unknown artist Giovanni Antonio Pellegrini. This piece, part of the European Paintings collection, is crafted using Oil on canvas. Measuring 46 x 50 1/2 in. (116.8 x 128.3 cm), the work is classified as Paintings and was created in 1720s.",a painting of two women sitting on a rock,woman
437317,Still Life with Apples and Pitcher,Camille Pissarro,CC0-1.0,Paintings,European Paintings,,"Painting; Unknown; Unknown; Oil on canvas; 18 1/4 x 22 1/4 in. (46.4 x 56.5 cm); 1872; European Paintings; Still Life with Apples and Pitcher is a Unknown Painting by the Unknown artist Camille Pissarro. This piece, part of the European Paintings collection, is crafted using Oil on canvas. Measuring 18 1/4 x 22 1/4 in. (46.4 x 56.5 cm), the work is classified as Paintings and was created in 1872.",a painting of a vase and apples on a table,vase
437332,Girl with Cherries,Marco d'Oggiono,CC0-1.0,Paintings,European Paintings,,"Painting; Unknown; Unknown; Oil on wood; 19 1/4 x 14 3/4 in. (48.9 x 37.5 cm); ca. 1491–95; European Paintings; Girl with Cherries is a Unknown Painting by the Unknown artist Marco d'Oggiono. This piece, part of the European Paintings collection, is crafted using Oil on wood. Measuring 19 1/4 x 14 3/4 in. (48.9 x 37.5 cm), the work is classified as Paintings and was created in ca. 1491–95.",a painting of a woman holding a basket of fruit,woman
437342,The Lamentation,Scipione Pulzone (Il Gaetano),CC0-1.0,Paintings,European Paintings,,"Painting; Unknown; Unknown; Oil on canvas; 114 x 68 in. (289.6 x 172.7 cm); 1593; European Paintings; The Lamentation is a Unknown Painting by the Unknown artist Scipione Pulzone (Il Gaetano). This piece, part of the European Paintings collection, is crafted using Oil on canvas. Measuring 114 x 68 in. (289.6 x 172.7 cm), the work is classified as Paintings and was created in 1593.",the cr of the cross,cross
437354,The Drummond Children,Sir Henry Raeburn,CC0-1.0,Paintings,European Paintings,,"Painting; Unknown; Unknown; Oil on canvas; 94 1/4 x 60 1/4 in. (239.4 x 153 cm); ca. 1808–9; European Paintings; The Drummond Children is a Unknown Painting by the Unknown artist Sir Henry Raeburn. This piece, part of the European Paintings collection, is crafted using Oil on canvas. Measuring 94 1/4 x 60 1/4 in. (239.4 x 153 cm), the work is classified as Paintings and was created in ca. 1808–9.",a painting of a man and a woman on a horse,man
437355,George Harley Drummond (1783–1855),Sir Henry Raeburn,CC0-1.0,Paintings,European Paintings,,"Painting; Unknown; Unknown; Oil on canvas; 94 1/4 x 58 in. (239.4 x 147.3 cm); ca. 1808–9; European Paintings; George Harley Drummond (1783–1855) is a Unknown Painting by the Unknown artist Sir Henry Raeburn. This piece, part of the European Paintings collection, is crafted using Oil on canvas. Measuring 94 1/4 x 58 in. (239.4 x 147.3 cm), the work is classified as Paintings and was created in ca. 1808–9.",a painting of a man with a horse,man
437356,Alexander Maconochie (1777–1861) of Meadowbank,Sir Henry Raeburn,CC0-1.0,Paintings,European Paintings,,"Painting; Unknown; Unknown; Oil on canvas; 30 1/4 x 25 in. (76.8 x 63.5 cm); Unknown; European Paintings; Alexander Maconochie (1777–1861) of Meadowbank is a Unknown Painting by the Unknown artist Sir Henry Raeburn. This piece, part of the European Paintings collection, is crafted using Oil on canvas. Measuring 30 1/4 x 25 in. (76.8 x 63.5 cm), the work is classified as Paintings .",a painting of a man in a black suit,man
437357,James Johnston of Straiton (died 1841),Sir Henry Raeburn,CC0-1.0,Paintings,European Paintings,,"Painting; Unknown; Unknown; Oil on canvas; 35 1/4 x 27 1/4 in. (89.5 x 69.2 cm); Unknown; European Paintings; James Johnston of Straiton (died 1841) is a Unknown Painting by the Unknown artist Sir Henry Raeburn. This piece, part of the European Paintings collection, is crafted using Oil on canvas. Measuring 35 1/4 x 27 1/4 in. (89.5 x 69.2 cm), the work is classified as Paintings .",a painting of a man in a blue suit,man
437358,Janet Law,Sir Henry Raeburn,CC0-1.0,Paintings,European Paintings,,"Painting; Unknown; Unknown; Oil on canvas; 35 1/4 x 27 1/4 in. (89.5 x 69.2 cm); Unknown; European Paintings; Janet Law is a Unknown Painting by the Unknown artist Sir Henry Raeburn. This piece, part of the European Paintings collection, is crafted using Oil on canvas. Measuring 35 1/4 x 27 1/4 in. (89.5 x 69.2 cm), the work is classified as Paintings .",a painting of a woman in a white dress,woman
437359,John Gray (1731–1811) of Newholm,Sir Henry Raeburn,CC0-1.0,Paintings,European Paintings,,"Painting; Unknown; Unknown; Oil on canvas; 49 3/8 x 40 in. (125.4 x 101.6 cm); Unknown; European Paintings; John Gray (1731–1811) of Newholm is a Unknown Painting by the Unknown artist Sir Henry Raeburn. This piece, part of the European Paintings collection, is crafted using Oil on canvas. Measuring 49 3/8 x 40 in. (125.4 x 101.6 cm), the work is classified as Paintings .",a painting of a man in a brown jacket,man
437360,"Lady Maitland (Catherine Connor, died 1865)",Sir Henry Raeburn,CC0-1.0,Paintings,European Paintings,,"Painting; Unknown; Unknown; Oil on canvas; 49 3/4 x 39 3/4 in. (126.4 x 101 cm); Unknown; European Paintings; Lady Maitland (Catherine Connor, died 1865) is a Unknown Painting by the Unknown artist Sir Henry Raeburn. This piece, part of the European Paintings collection, is crafted using Oil on canvas. Measuring 49 3/4 x 39 3/4 in. (126.4 x 101 cm), the work is classified as Paintings .",a painting of a woman in a white dress,woman
437361,"Mrs. Richard Alexander Oswald (Louisa Johnston, ?born about 1760, died 1797)",Sir Henry Raeburn,CC0-1.0,Paintings,European Paintings,,"Painting; Unknown; Unknown; Oil on canvas; 48 1/2 x 40 7/8 in. (123.2 x 103.8 cm); ca. 1794; European Paintings; Mrs. Richard Alexander Oswald (Louisa Johnston, ?born about 1760, died 1797) is a Unknown Painting by the Unknown artist Sir Henry Raeburn. This piece, part of the European Paintings collection, is crafted using Oil on canvas. Measuring 48 1/2 x 40 7/8 in. (123.2 x 103.8 cm), the work is classified as Paintings and was created in ca. 1794.",a painting of a woman in a white dress,woman
437363,William Forsyth (1749–1814),Sir Henry Raeburn,CC0-1.0,Paintings,European Paintings,,"Painting; Unknown; Unknown; Oil on canvas; 30 x 24 7/8 in. (76.2 x 63.2 cm); ca. 1800; European Paintings; William Forsyth (1749–1814) is a Unknown Painting by the Unknown artist Sir Henry Raeburn. This piece, part of the European Paintings collection, is crafted using Oil on canvas. Measuring 30 x 24 7/8 in. (76.2 x 63.2 cm), the work is classified as Paintings and was created in ca. 1800.",a painting of a man in a black suit,man
437365,"William Robertson (1753–1835), Lord Robertson",Sir Henry Raeburn,CC0-1.0,Paintings,European Paintings,,"Painting; Unknown; Unknown; Oil on canvas; 49 1/2 x 39 1/4 in. (125.7 x 99.7 cm); 1805; European Paintings; William Robertson (1753–1835), Lord Robertson is a Unknown Painting by the Unknown artist Sir Henry Raeburn. This piece, part of the European Paintings collection, is crafted using Oil on canvas. Measuring 49 1/2 x 39 1/4 in. (125.7 x 99.7 cm), the work is classified as Paintings and was created in 1805.",a painting of a man in a red coat,man
437378,Bouquet in a Chinese Vase,Odilon Redon,CC0-1.0,Paintings,European Paintings,,"Painting; Unknown; Unknown; Oil on canvas; 25 1/2 x 19 5/8 in. (64.8 x 49.8 cm); ca. 1912–14; European Paintings; Bouquet in a Chinese Vase is a Unknown Painting by the Unknown artist Odilon Redon. This piece, part of the European Paintings collection, is crafted using Oil on canvas. Measuring 25 1/2 x 19 5/8 in. (64.8 x 49.8 cm), the work is classified as Paintings and was created in ca. 1912–14.",a painting of a vase of flowers on a red background,vase
437409,Portrait of a Woman,Rembrandt,CC0-1.0,Paintings,European Paintings,,"Painting; Unknown; Unknown; Oil on canvas; 47 5/8 x 38 5/8 in. (121 x 98.1 cm); Unknown; European Paintings; Portrait of a Woman is a Unknown Painting by the Unknown artist Rembrandt. This piece, part of the European Paintings collection, is crafted using Oil on canvas. Measuring 47 5/8 x 38 5/8 in. (121 x 98.1 cm), the work is classified as Paintings .",a painting of a woman in a red dress,woman
437423,The Immaculate Conception,Guido Reni,CC0-1.0,Paintings,European Paintings,,"Painting; Unknown; Unknown; Oil on canvas; 105 1/2 x 73 in. (268 x 185.4 cm); 1627; European Paintings; The Immaculate Conception is a Unknown Painting by the Unknown artist Guido Reni. This piece, part of the European Paintings collection, is crafted using Oil on canvas. Measuring 105 1/2 x 73 in. (268 x 185.4 cm), the work is classified as Paintings and was created in 1627.",a painting of an angel with angels,angel
437424,"Madame Édouard Bernier (Marie-Octavie-Stéphanie Laurens, 1838–1920)",Auguste Renoir,CC0-1.0,Paintings,European Paintings,,"Painting; Unknown; Unknown; Oil on canvas; 30 3/4 x 24 1/2 in. (78.1 x 62.2 cm); 1871; European Paintings; Madame Édouard Bernier (Marie-Octavie-Stéphanie Laurens, 1838–1920) is a Unknown Painting by the Unknown artist Auguste Renoir. This piece, part of the European Paintings collection, is crafted using Oil on canvas. Measuring 30 3/4 x 24 1/2 in. (78.1 x 62.2 cm), the work is classified as Paintings and was created in 1871.",a painting of a woman in a black dress,woman
437448,"Georgiana Augusta Frederica Elliott (1782–1813), Later Lady Charles Bentinck",Sir Joshua Reynolds,CC0-1.0,Paintings,European Paintings,,"Painting; Unknown; Unknown; Oil on canvas; 35 x 30 in. (88.9 x 76.2 cm); 1784; European Paintings; Georgiana Augusta Frederica Elliott (1782–1813), Later Lady Charles Bentinck is a Unknown Painting by the Unknown artist Sir Joshua Reynolds. This piece, part of the European Paintings collection, is crafted using Oil on canvas. Measuring 35 x 30 in. (88.9 x 76.2 cm), the work is classified as Paintings and was created in 1784.",a painting of a young girl in a white dress,woman
437464,Louis XV (1710–1774) as a Child,Hyacinthe Rigaud,CC0-1.0,Paintings,European Paintings,,"Painting; Unknown; Unknown; Oil on canvas; 77 x 55 1/2 in. (195.6 x 141 cm); ca. 1716–24; European Paintings; Louis XV (1710–1774) as a Child is a Unknown Painting by the Unknown artist Hyacinthe Rigaud. This piece, part of the European Paintings collection, is crafted using Oil on canvas. Measuring 77 x 55 1/2 in. (195.6 x 141 cm), the work is classified as Paintings and was created in ca. 1716–24.",a painting of a man in a white suit and blue and gold outfit,man
437488,Portrait of a Man in a Chaperon,Netherlandish Painter,CC0-1.0,Paintings,European Paintings,,"Painting; Unknown; Unknown; Oil on wood; Overall 11 x 7 3/4 in. (27.9 x 19.7 cm); painted surface 10 5/8 x 7 1/4 in. (27 x 18.4 cm); Unknown; European Paintings; Portrait of a Man in a Chaperon is a Unknown Painting by the Unknown artist Netherlandish Painter. This piece, part of the European Paintings collection, is crafted using Oil on wood. Measuring Overall 11 x 7 3/4 in. (27.9 x 19.7 cm); painted surface 10 5/8 x 7 1/4 in. (27 x 18.4 cm), the work is classified as Paintings .",a painting of a man in a red turba,man
437494,"Friedrich I (1460–1536), Margrave of Brandenburg-Ansbach",Franz Wolfgang Rohrich,CC0-1.0,Paintings,European Paintings,,"Painting; Unknown; Unknown; Oil on canvas; 30 1/4 x 22 3/8 in. (76.8 x 56.8 cm); Unknown; European Paintings; Friedrich I (1460–1536), Margrave of Brandenburg-Ansbach is a Unknown Painting by the Unknown artist Franz Wolfgang Rohrich. This piece, part of the European Paintings collection, is crafted using Oil on canvas. Measuring 30 1/4 x 22 3/8 in. (76.8 x 56.8 cm), the work is classified as Paintings .",a painting of a man in a red robe,man
437495,Sophia (1464–1512) of Poland,Franz Wolfgang Rohrich,CC0-1.0,Paintings,European Paintings,,"Painting; Unknown; Unknown; Oil on canvas; 30 1/4 x 22 1/4 in. (76.8 x 56.5 cm); Unknown; European Paintings; Sophia (1464–1512) of Poland is a Unknown Painting by the Unknown artist Franz Wolfgang Rohrich. This piece, part of the European Paintings collection, is crafted using Oil on canvas. Measuring 30 1/4 x 22 1/4 in. (76.8 x 56.5 cm), the work is classified as Paintings .",a painting of a woman in a dress,woman
437496,The Sacrifice of Polyxena,Giovanni Francesco Romanelli,CC0-1.0,Paintings,European Paintings,,"Painting; Unknown; Unknown; Oil on canvas; 77 3/4 x 88 in. (197.5 x 223.5 cm); Unknown; European Paintings; The Sacrifice of Polyxena is a Unknown Painting by the Unknown artist Giovanni Francesco Romanelli. This piece, part of the European Paintings collection, is crafted using Oil on canvas. Measuring 77 3/4 x 88 in. (197.5 x 223.5 cm), the work is classified as Paintings .",a painting of a group of people in a room,person
437497,The Flagellation; (reverse) The Madonna of Mercy,Girolamo Romanino,CC0-1.0,Paintings,European Paintings,,"Painting, processional banner; Unknown; Unknown; Distemper and oil(?) on canvas; 70 7/8 x 47 1/2 in. (180 x 120.7 cm); ca. 1540; European Paintings; The Flagellation; (reverse) The Madonna of Mercy is a Unknown Painting, processional banner by the Unknown artist Girolamo Romanino. This piece, part of the European Paintings collection, is crafted using Distemper and oil(?) on canvas. Measuring 70 7/8 x 47 1/2 in. (180 x 120.7 cm), the work is classified as Paintings and was created in ca. 1540.",a painting of a man with a beard and a bunch of people,man
437656,The Gardener,Georges Seurat,CC0-1.0,Paintings,European Paintings,,"Painting; Unknown; Unknown; Oil on wood; 6 1/4 x 9 3/4 in. (15.9 x 24.8 cm); 1882–83; European Paintings; The Gardener is a Unknown Painting by the Unknown artist Georges Seurat. This piece, part of the European Paintings collection, is crafted using Oil on wood. Measuring 6 1/4 x 9 3/4 in. (15.9 x 24.8 cm), the work is classified as Paintings and was created in 1882–83.",a painting of a horse,horse
437756,The Japanese Robe,Alfred Stevens,CC0-1.0,Paintings,European Paintings,,"Painting; Unknown; Unknown; Oil on canvas; 36 1/2 x 25 1/8 in. (92.7 x 63.8 cm); ca. 1872; European Paintings; The Japanese Robe is a Unknown Painting by the Unknown artist Alfred Stevens. This piece, part of the European Paintings collection, is crafted using Oil on canvas. Measuring 36 1/2 x 25 1/8 in. (92.7 x 63.8 cm), the work is classified as Paintings and was created in ca. 1872.",a painting of a woman in a blue kimono,woman
437868,"Don Gaspar de Guzmán (1587–1645), Count-Duke of Olivares",Juan Bautista Martínez del Mazo,CC0-1.0,Paintings,European Paintings,,"Painting; Unknown; Unknown; Oil on canvas; 50 1/4 x 41 in. (127.6 x 104.1 cm); ca. 1636 or later; European Paintings; Don Gaspar de Guzmán (1587–1645), Count-Duke of Olivares is a Unknown Painting by the Unknown artist Juan Bautista Martínez del Mazo. This piece, part of the European Paintings collection, is crafted using Oil on canvas. Measuring 50 1/4 x 41 in. (127.6 x 104.1 cm), the work is classified as Paintings and was created in ca. 1636 or later.",a painting of a man on a horse,man
437972,The Crucifixion,Francisco de Zurbarán,CC0-1.0,Paintings,European Paintings,,"Painting; Unknown; Unknown; Oil on canvas; Arched top, 112 x 75 7/8 in. (284.5 x 192.7 cm); Unknown; European Paintings; The Crucifixion is a Unknown Painting by the Unknown artist Francisco de Zurbarán. This piece, part of the European Paintings collection, is crafted using Oil on canvas. Measuring Arched top, 112 x 75 7/8 in. (284.5 x 192.7 cm), the work is classified as Paintings .",a black and white photo of a man on a cross,man
437990,Seated Peasant,Paul Cézanne,CC0-1.0,Paintings,European Paintings,,"Painting; Unknown; Unknown; Oil on canvas; 21 1/2 x 17 3/4 in. (54.6 x 45.1 cm); ca. 1892–96; European Paintings; Seated Peasant is a Unknown Painting by the Unknown artist Paul Cézanne. This piece, part of the European Paintings collection, is crafted using Oil on canvas. Measuring 21 1/2 x 17 3/4 in. (54.6 x 45.1 cm), the work is classified as Paintings and was created in ca. 1892–96.",a painting of a man sitting on a stool,man
438000,Three Tahitian Women,Paul Gauguin,CC0-1.0,Paintings,European Paintings,,"Painting; Unknown; Unknown; Oil on wood; 9 5/8 x 17 in. (24.4 x 43.2 cm); 1896; European Paintings; Three Tahitian Women is a Unknown Painting by the Unknown artist Paul Gauguin. This piece, part of the European Paintings collection, is crafted using Oil on wood. Measuring 9 5/8 x 17 in. (24.4 x 43.2 cm), the work is classified as Paintings and was created in 1896.",a painting of two people standing in a park,person
438001,Two Women,Paul Gauguin,CC0-1.0,Paintings,European Paintings,,"Painting; Unknown; Unknown; Oil on canvas; 29 x 36 1/4 in. (73.7 x 92.1 cm); 1901 or 1902; European Paintings; Two Women is a Unknown Painting by the Unknown artist Paul Gauguin. This piece, part of the European Paintings collection, is crafted using Oil on canvas. Measuring 29 x 36 1/4 in. (73.7 x 92.1 cm), the work is classified as Paintings and was created in 1901 or 1902.",two women sitting on a bench,woman
438032,"Study for ""Portrait of an Indian""",Anne Louis Girodet-Trioson,CC0-1.0,Paintings,European Paintings,,"Painting; Unknown; Unknown; Oil on canvas; 16 x 12 7/8 in. (40.6 x 32.7 cm); ca. 1807; European Paintings; Study for ""Portrait of an Indian"" is a Unknown Painting by the Unknown artist Anne Louis Girodet-Trioson. This piece, part of the European Paintings collection, is crafted using Oil on canvas. Measuring 16 x 12 7/8 in. (40.6 x 32.7 cm), the work is classified as Paintings and was created in ca. 1807.",a painting of a man in a red turbal,man
438033,Jean-Louis-André-Théodore Gericault (1791–1824),Horace Vernet,CC0-1.0,Paintings,European Paintings,,"Painting; Unknown; Unknown; Oil on canvas; 18 5/8 x 15 1/8 in. (47.3 x 38.4 cm); probably 1822 or 1823; European Paintings; Jean-Louis-André-Théodore Gericault (1791–1824) is a Unknown Painting by the Unknown artist Horace Vernet. This piece, part of the European Paintings collection, is crafted using Oil on canvas. Measuring 18 5/8 x 15 1/8 in. (47.3 x 38.4 cm), the work is classified as Paintings and was created in probably 1822 or 1823.",a painting of a man with a black hat,man
438636,Cow in a Barn,Camille Corot,CC0-1.0,Paintings,European Paintings,,"Painting; Unknown; Unknown; Oil on paper, laid down on canvas; 8 1/8 x 10 3/4 in. (20.7 x 27.3 cm); Unknown; European Paintings; Cow in a Barn is a Unknown Painting by the Unknown artist Camille Corot. This piece, part of the European Paintings collection, is crafted using Oil on paper, laid down on canvas. Measuring 8 1/8 x 10 3/4 in. (20.7 x 27.3 cm), the work is classified as Paintings .",a painting of a cow,cow
439933,Lute Player,Valentin de Boulogne,CC0-1.0,Paintings,European Paintings,,"Painting; Unknown; Unknown; Oil on canvas; 50 1/2 x 39 in. (128.3 x 99.1 cm); ca. 1625–26; European Paintings; Lute Player is a Unknown Painting by the Unknown artist Valentin de Boulogne. This piece, part of the European Paintings collection, is crafted using Oil on canvas. Measuring 50 1/2 x 39 in. (128.3 x 99.1 cm), the work is classified as Paintings and was created in ca. 1625–26.",a painting of a man playing a luteo,man
439977,Christ Carrying the Cross,Jan Gossart (called Mabuse),CC0-1.0,Paintings,European Paintings,,"Painting; Unknown; Unknown; Oil on oak; 9 7/8 × 7 1/2 in. (25.1 × 19 cm); ca. 1520–25; European Paintings; Christ Carrying the Cross is a Unknown Painting by the Unknown artist Jan Gossart (called Mabuse). This piece, part of the European Paintings collection, is crafted using Oil on oak. Measuring 9 7/8 × 7 1/2 in. (25.1 × 19 cm), the work is classified as Paintings and was created in ca. 1520–25.",a painting of a man carrying a cross,man
440723,Bashi-Bazouk,Jean-Léon Gérôme,CC0-1.0,Paintings,European Paintings,,"Painting; Unknown; Unknown; Oil on canvas; 31 3/4 x 26 in. (80.6 x 66 cm); 1868–69; European Paintings; Bashi-Bazouk is a Unknown Painting by the Unknown artist Jean-Léon Gérôme. This piece, part of the European Paintings collection, is crafted using Oil on canvas. Measuring 31 3/4 x 26 in. (80.6 x 66 cm), the work is classified as Paintings and was created in 1868–69.",a painting of a woman with a gun,woman
456949,Great Indian Fruit Bat,Bhawani Das,CC0-1.0,Paintings,Islamic Art,,"Painting; Unknown; Unknown; Pencil, ink, and opaque watercolor on paper; Painting: H. 23 1/2 in. (59.7 cm)
                 W. 32 3/4 in. (83.2 cm)
Mat size: H. 27 1/4 in. (69.2 cm)
                 W. 35 1/2 in. (90.2 cm); ca. 1777–82; Islamic Art; Great Indian Fruit Bat is a Unknown Painting by the Unknown artist Bhawani Das. This piece, part of the Islamic Art collection, is crafted using Pencil, ink, and opaque watercolor on paper. Measuring Painting: H. 23 1/2 in. (59.7 cm)
                 W. 32 3/4 in. (83.2 cm)
Mat size: H. 27 1/4 in. (69.2 cm)
                 W. 35 1/2 in. (90.2 cm), the work is classified as Paintings and was created in ca. 1777–82.",a bat hanging on a wall,bat
459100,Tahitian Women Bathing,Paul Gauguin,CC0-1.0,Paintings,Robert Lehman Collection,,"Painting; Unknown; Unknown; Oil on paper, laid down on canvas; 43 3/4 x 35 1/8 in; 1892; Robert Lehman Collection; Tahitian Women Bathing is a Unknown Painting by the Unknown artist Paul Gauguin. This piece, part of the Robert Lehman Collection collection, is crafted using Oil on paper, laid down on canvas. Measuring 43 3/4 x 35 1/8 in, the work is classified as Paintings and was created in 1892.",a painting of a woman in a field,woman
459116,The Mower,Georges Seurat,CC0-1.0,Paintings,Robert Lehman Collection,,"Painting; Unknown; Unknown; Oil on wood; 6 1/2 x 9 7/8 in. (16.5 x 25.1 cm); 1881–82; Robert Lehman Collection; The Mower is a Unknown Painting by the Unknown artist Georges Seurat. This piece, part of the Robert Lehman Collection collection, is crafted using Oil on wood. Measuring 6 1/2 x 9 7/8 in. (16.5 x 25.1 cm), the work is classified as Paintings and was created in 1881–82.",a painting of a man in a field,man
459123,Madame Roulin and Her Baby,Vincent van Gogh,CC0-1.0,Paintings,Robert Lehman Collection,,"Painting; Unknown; Unknown; Oil on canvas; 25 x 20 1/8 in.; 1888; Robert Lehman Collection; Madame Roulin and Her Baby is a Unknown Painting by the Unknown artist Vincent van Gogh. This piece, part of the Robert Lehman Collection collection, is crafted using Oil on canvas. Measuring 25 x 20 1/8 in., the work is classified as Paintings and was created in 1888.",a painting of a woman holding a baby,woman
485551,Self-Portrait,Umberto Boccioni,CC0-1.0,Paintings,Modern and Contemporary Art,,"Painting; Unknown; Unknown; Oil on canvas; 20 1/4 x 27 in. (51.4 x 68.6 cm); 1905; Modern and Contemporary Art; Self-Portrait is a Unknown Painting by the Unknown artist Umberto Boccioni. This piece, part of the Modern and Contemporary Art collection, is crafted using Oil on canvas. Measuring 20 1/4 x 27 in. (51.4 x 68.6 cm), the work is classified as Paintings and was created in 1905.",a painting of a man with a hat and a black coat,man
489102,Girl in a Sailor's Blouse,Amedeo Modigliani,CC0-1.0,Paintings,Modern and Contemporary Art,,"Painting; Unknown; Unknown; Oil on canvas; 25 3/4 × 18 1/4 in. (65.4 × 46.4 cm); 1918; Modern and Contemporary Art; Girl in a Sailor's Blouse is a Unknown Painting by the Unknown artist Amedeo Modigliani. This piece, part of the Modern and Contemporary Art collection, is crafted using Oil on canvas. Measuring 25 3/4 × 18 1/4 in. (65.4 × 46.4 cm), the work is classified as Paintings and was created in 1918.",a painting of a woman with a blue shirt,woman
641257,Head of Christ,Fernando Yáñez de la Almedina,CC0-1.0,Paintings,European Paintings,,"Painting; Unknown; Unknown; Oil on poplar; 16 1/2 × 12 in. (41.9 × 30.5 cm); ca. 1506; European Paintings; Head of Christ is a Unknown Painting by the Unknown artist Fernando Yáñez de la Almedina. This piece, part of the European Paintings collection, is crafted using Oil on poplar. Measuring 16 1/2 × 12 in. (41.9 × 30.5 cm), the work is classified as Paintings and was created in ca. 1506.",a painting of a man with a beard,man
643540,Portrait of a Woman,Giovanni Battista Gaulli (Il Baciccio),CC0-1.0,Paintings,European Paintings,,"Painting; Unknown; Unknown; Oil on canvas; 29 7/8 × 23 3/8 in. (75.9 × 59.4 cm); ca. 1670s; European Paintings; Portrait of a Woman is a Unknown Painting by the Unknown artist Giovanni Battista Gaulli (Il Baciccio). This piece, part of the European Paintings collection, is crafted using Oil on canvas. Measuring 29 7/8 × 23 3/8 in. (75.9 × 59.4 cm), the work is classified as Paintings and was created in ca. 1670s.",a painting of a woman in a white dress,woman
782306,A Deerhound,Sir Edwin Henry Landseer,CC0-1.0,Paintings,European Paintings,,"Painting; Unknown; Unknown; Oil on board; 12 1/16 × 16 1/16 in. (30.6 × 40.8 cm); 1826; European Paintings; A Deerhound is a Unknown Painting by the Unknown artist Sir Edwin Henry Landseer. This piece, part of the European Paintings collection, is crafted using Oil on board. Measuring 12 1/16 × 16 1/16 in. (30.6 × 40.8 cm), the work is classified as Paintings and was created in 1826.",a painting of a dog standing in a field,dog
782307,Dying Stag,Sir Edwin Henry Landseer,CC0-1.0,Paintings,European Paintings,,"Painting; Unknown; Unknown; Oil on canvas; 18 1/16 × 21 1/16 in. (45.9 × 53.5 cm); ca. 1830; European Paintings; Dying Stag is a Unknown Painting by the Unknown artist Sir Edwin Henry Landseer. This piece, part of the European Paintings collection, is crafted using Oil on canvas. Measuring 18 1/16 × 21 1/16 in. (45.9 × 53.5 cm), the work is classified as Paintings and was created in ca. 1830.",a painting of a deer laying down on the ground,deer
817124,Cain Slaying Abel,Pier Francesco Mola,CC0-1.0,Paintings,European Paintings,,"Painting; Unknown; Unknown; Oil on canvas; 54 3/4 × 35 7/16 in. (139 × 90 cm); ca. 1650–52; European Paintings; Cain Slaying Abel is a Unknown Painting by the Unknown artist Pier Francesco Mola. This piece, part of the European Paintings collection, is crafted using Oil on canvas. Measuring 54 3/4 × 35 7/16 in. (139 × 90 cm), the work is classified as Paintings and was created in ca. 1650–52.",a painting of a man with a sword and a woman with a dog,man
817504,Portrait of a Boy,Louis Léopold Boilly,CC0-1.0,Paintings,European Paintings,,"Painting; Unknown; Unknown; Oil on canvas; 28 7/16 × 23 3/8 in. (72.3 × 59.4 cm); ca. 1805; European Paintings; Portrait of a Boy is a Unknown Painting by the Unknown artist Louis Léopold Boilly. This piece, part of the European Paintings collection, is crafted using Oil on canvas. Measuring 28 7/16 × 23 3/8 in. (72.3 × 59.4 cm), the work is classified as Paintings and was created in ca. 1805.",a painting of a child holding a teddy,child
846945,Joanna de Silva,William Wood,CC0-1.0,Paintings,European Paintings,,"Painting; Unknown; Unknown; Oil on canvas; 30 × 25 in. (76.2 × 63.5 cm); 1792; European Paintings; Joanna de Silva is a Unknown Painting by the Unknown artist William Wood. This piece, part of the European Paintings collection, is crafted using Oil on canvas. Measuring 30 × 25 in. (76.2 × 63.5 cm), the work is classified as Paintings and was created in 1792.",a painting of a woman in a white dress,woman
848137,Study of a Nude Man,Gustave Courbet,CC0-1.0,Paintings,European Paintings,,"Painting; Unknown; Unknown; Oil on canvas; 29 × 33 1/8 in. (73.7 × 84.1 cm); early 1840s; European Paintings; Study of a Nude Man is a Unknown Painting by the Unknown artist Gustave Courbet. This piece, part of the European Paintings collection, is crafted using Oil on canvas. Measuring 29 × 33 1/8 in. (73.7 × 84.1 cm), the work is classified as Paintings and was created in early 1840s.",a painting of a man sitting on a stool,man
857030,Unknown,Unidentified artist,CC0-1.0,Paintings,Asian Art,,"Painting; India, Kolkata (formerly Calcutta); Unknown; Watercolor, colloidal tin, ink and graphite on mill paper; Image: 17 11/16 × 10 15/16 in. (45 × 27.8 cm)
Sheet: 19 5/16 × 12 13/16 in. (49 × 32.5 cm); ca. 1870s; Asian Art; Unknown is a Unknown Painting by the India, Kolkata (formerly Calcutta) artist Unidentified artist. This piece, part of the Asian Art collection, is crafted using Watercolor, colloidal tin, ink and graphite on mill paper. Measuring Image: 17 11/16 × 10 15/16 in. (45 × 27.8 cm)
Sheet: 19 5/16 × 12 13/16 in. (49 × 32.5 cm), the work is classified as Paintings and was created in ca. 1870s.",a painting of a man and woman,man
